52.2,1119,3567,19178,1432789,1.775361896,1,255,0,92.08489723,6.745497058,103.8176944,8.53210341,118.8489723,11.21458753,198.4915103,49.47307022,198.4915103,49.47307022,105.950849,55.08533222,69.28328865,18.06188917,66.64164433,4.935840537,57.40393208,6.393577859,61.3100983,4.949963941,0,1119,0,0,0,19178,0,3567,1009,110,0,1,60,2151,10393,6147,425,1,0,1237,2330,103,1016,0,261,5223,10027,3446,220,1,0,0,506,3061,0,439,680,0,0,0,165,6118,8333,4067,491,4,0,1,222,3104,240,0,0,0,210,909,252,101,377,1207,2762,6238,5658,2583,10,678,2879,0,125,465,529,244,28,102,298,732,1610,2688,5519,4819,3138,15,1046,2506,187,662,270,6365,8955,3858,713,2174,680,20,1099,13653,5525,753,2814,126,993,1745,17433,884,2683,0,990,129,4490,14688,1199,2368,0,874,245,2979,16199,1700,1867,0,0,100,0,0,0,0,0,0,0,960
61.4,44076,9050,133773,1441213,1,1,249.2315773,19.04896118,92.91228787,16.60505763,143.8700427,21.66537742,116.2957165,20.85843467,191.9822806,57.41219643,191.9822806,57.41219643,94.32609583,72.63709748,28.21578637,13.9269178,122.5264316,25.21450312,119.7720982,26.61903145,122.5615074,26.15865042,1,44075,0,0,3,133770,0,9050,31412,12664,0,16,521,9433,29285,34060,29623,19697,11138,2400,6650,938,43138,16,2789,20783,42244,45538,20538,1864,1,0,165,8885,83,17853,26140,0,0,1,414,22144,38198,40990,27769,4257,0,10,846,5946,2219,28,1,963,8874,34239,12909,582,2236,5891,12095,22007,29026,49027,184,2616,6250,806,5100,18802,19368,12880,121,635,1760,3935,6899,11858,18480,22698,54507,252,3505,5293,15628,16835,11613,84989,40511,8273,2056,3487,3507,32049,12027,93925,39848,8527,523,1,44075,2091,131682,0,8211,839,48,44028,3110,130663,0,7019,2031,12,44064,2171,131602,0,8148,902,4.20493271,81.18177092,1.672153873,6.183214925,3.737076186,0,0,0.017328019,3.003523364,291
33.5,10384,16642,105352,1494565,1,1,251.8613595,16.8790439,100.7851168,16.50815864,86.80809538,27.83410152,76.76425344,21.82266806,165.4121719,44.67972568,165.4121719,44.67972568,119.2101721,62.5520895,50.03518892,32.46396985,79.51543121,29.55483459,69.05239881,27.11334195,73.13575618,27.2800334,0,10401,2,143,3314,101893,0,16654,5012,5389,59688,8673,9300,10333,9248,5756,2179,174,1,7253,9401,7092,3309,101,1940,8461,13385,14338,30611,28898,7319,299,4285,12369,1003,9268,130,48860,16519,8246,9749,12445,7285,2157,91,0,177,2226,7132,7114,5,0,0,37,3774,6590,7075,383,965,3308,8955,19650,24961,40055,6,873,15775,16,2017,6923,1445,6974,225,320,738,2042,4518,9819,16473,19538,44705,10,1962,14682,1515,5489,3397,92061,11928,1363,1210,11792,3652,4460,5941,79168,26184,11085,5569,2890,7511,828,104524,7608,8735,311,6533,3868,8072,97280,4315,11909,430,5197,5204,3199,102153,8570,7816,268,8.981525343,2.643297016,4.32022738,80.34107058,0.208432023,0.966366651,0,0,2.539081004,623
53.4,23449,9261,38659,1549827,1,1,254.801612,2.960425741,85.45204486,10.02171458,100.3557934,15.71482063,92.03091816,13.51677784,163.1831208,40.26108058,163.1831208,40.26108058,162.8605484,65.30490712,35.42607361,19.02625511,80.99223847,10.03879923,78.18056207,10.87425315,79.69610644,10.09417962,0,23449,0,0,0,38659,0,9261,22087,1362,22,3614,12971,15663,6059,329,1,0,0,5608,3653,7301,16148,0,77,5246,19314,12235,1671,116,0,0,9261,0,12,22461,976,0,0,4,4282,20246,13753,374,0,0,0,213,8475,571,2,0,0,41,8621,14787,4645,147,114,214,426,3466,21161,8486,75,6096,3090,17,4896,16247,2289,4586,99,137,77,130,237,580,3482,17018,12313,112,7572,1577,1593,7667,14189,19953,15448,3258,74,704,8483,12356,11093,31479,7180,3962,5299,286,23163,353,38306,1908,7353,0,2353,21096,800,37859,2188,7073,0,1135,22314,383,38276,3754,5507,0,0,2.311904279,44.04786047,0,0,0,53.64023525,0,0,1143
53,8743,8180,57041,1647562,1,1,254.9861604,0.557936581,90.88013268,13.66455326,123.9646574,22.72135348,127.8493652,25.1938597,59.15767535,31.6989192,221.1656182,39.43318108,45.81493766,36.79711602,34.82145717,13.26790582,112.6505776,11.98689284,104.1426284,14.09689296,107.143429,13.10114176,0,8743,0,0,2,57039,0,8180,6657,2086,6,82,2685,16045,23721,12475,1941,86,0,8172,8,847,7896,0,849,9022,18159,18560,9010,1416,19,6,24,8156,0,2895,5848,0,0,85,8774,19751,17610,9204,1615,2,0,356,6917,864,43,0,0,4097,4605,41,26420,18716,7729,3084,842,164,62,24,7325,855,0,53,220,2385,6085,78,39,52,104,223,556,1587,5439,17503,31460,0,173,8007,5998,2469,276,44464,11057,1520,7761,398,21,4651,4092,37512,19529,8180,0,0,8743,410,56631,0,2391,5789,25,8718,5845,51196,0,198,7982,0,8743,2707,54334,0,1971,6209,9.296522859,76.60173857,1.255634256,2.100772698,10.74533162,0,0,0,0,626
57,38568,10796,59877,1646330,1.095269442,1,255,0,96.70369218,13.82977514,99.79734495,20.41885287,125.3611803,14.65325164,141.3190552,45.24993454,183.3092979,32.08867851,164.6610921,60.72340739,46.22477183,19.63612148,89.31025721,11.29516338,77.19498029,13.72712801,81.12144783,12.20252341,0,38568,0,0,0,59877,0,10796,25054,13514,0,514,19400,27800,11443,720,0,0,0,9177,1619,13395,25173,0,92,6328,13118,23174,16198,945,22,0,887,9909,1,10437,28130,0,0,0,0,1,5897,21934,30150,1895,0,0,74,4274,6307,141,0,993,19724,17851,39155,18494,1869,314,39,5,1,0,3144,6000,1652,15,2152,29289,7112,0,1,1,4,19,94,648,3716,15913,39481,56,2888,7852,1076,14364,23128,57458,2380,39,3801,5175,1820,12464,26104,35262,24615,9155,1641,49,38519,1745,58132,89,10426,281,6805,31763,2439,57438,160,9268,1368,1368,37200,1747,58130,352,10055,389,1.634041418,0.490212425,95.15790176,0,0,0,2.717844399,0,0,348
68.1,34103,10987,82042,1557887,1,1,255,0,166.7867343,14.73067095,73.01756444,14.82498379,114.0057473,22.28442487,89.07780366,30.27279022,89.07780366,30.27279022,74.37005542,36.97393144,31.88933525,21.61350999,63.01369381,27.78643756,60.16444301,22.7606916,61.26560713,24.51733358,0,34103,0,0,0,82042,0,10987,1,34102,0,0,2,25,716,7550,20635,23867,29247,281,10706,30766,3337,6,3616,20209,35552,21051,1578,30,0,0,5226,5761,8,18698,15397,0,0,0,67,5420,13898,17043,29607,16007,0,67,2354,6210,2268,88,0,3249,30037,817,58893,17070,3849,1388,578,176,58,30,6283,4643,61,1907,28490,3655,51,34983,33440,8444,2755,1299,633,290,113,47,38,7177,3790,20,9146,23461,1496,79894,2126,22,8399,2497,91,18622,15481,65137,16905,10581,406,11898,22205,13967,68075,2531,6884,1572,18220,15883,16832,65210,1967,5989,3031,16047,18056,14855,67187,2437,6902,1648,99.52650008,0.011936973,0,0.095495782,0.107432755,0.25863441,0,0,0,272
54.9,1418,0,42456,1575378,1.259991646,1,255,0,91.65091678,7.096581612,111.6241185,9.830771873,120.9414669,11.11694878,42.92163374,18.74519696,235.825811,34.38314131,79.60648801,45.43423687,38.08039492,18.36678054,83.61706629,10.12187786,80.57616361,6.424430388,82.84767278,6.419640455,0,1418,0,0,0,42456,0,0,1260,158,0,74,3823,19990,17310,1259,0,0,0,0,0,53,1365,0,137,13133,20614,7900,672,0,0,0,0,0,0,487,931,0,0,88,6978,16508,13850,4697,331,4,0,0,0,0,0,0,0,1039,374,5,26138,14221,1731,317,48,1,0,0,0,0,0,0,31,190,1197,38,195,433,814,1301,1683,2197,2703,3335,29757,0,0,0,456,861,101,36942,5343,171,0,0,0,801,617,28264,14192,0,0,0,1418,154,42302,0,0,0,0,1418,805,41651,0,0,0,0,1418,326,42130,0,0,0,1.54185022,50.66079295,0,0,47.79735683,0,0,0,0,554
57.2,6552,3265,32402,1429943,1.062132239,1,254.9955739,0.358270503,112.2747253,17.80089466,115.9001832,19.18059939,142.9627595,28.08976853,199.9848901,36.06278025,199.9848901,36.06278025,91.46916972,40.64138839,36.48321123,14.82445055,104.7290904,13.78272052,96.33104396,12.70513237,99.66025641,12.50383382,0,6552,0,0,0,32402,0,3265,1922,4630,0,0,13,316,3061,9178,11471,6344,2019,2699,566,746,5806,0,521,13179,13987,4342,356,17,0,0,22,3243,2,1142,5408,0,0,1,3550,13383,8308,5368,1763,29,0,0,91,1747,1188,221,18,0,655,5897,272,4,15,105,550,2778,13708,14970,0,108,3157,0,308,3279,2965,271,1,5,11,56,215,709,2648,9822,18664,3,171,3091,1016,4830,706,25189,7069,144,2293,956,16,3260,3292,19679,12723,3195,70,0,6552,12,32390,0,2133,1132,0,6552,298,32104,0,1036,2229,0,6552,80,32322,0,1991,1274,0,99.91487551,0,0,0,0,0.085124495,0,0,509
70.9,17582,33112,96433,1415647,1,1,255,0,108.7303492,16.18979172,88.58719145,20.15110124,92.41610738,22.48340844,70.76513447,40.39817283,147.4646229,43.16454503,62.18103742,46.9225544,39.54123535,15.28397855,87.86144921,15.10612872,89.58463201,15.59938271,90.45643272,15.34355653,0,17582,0,0,2,96431,1,33111,4662,12920,11,71,2768,17510,32287,24415,13472,4676,1223,4877,28235,10575,7007,122,4806,21033,34962,28544,6367,555,44,0,12273,20839,423,14625,2534,6,117,11363,35684,28893,19567,777,25,1,727,5746,16964,7806,1776,91,2,6700,10292,590,80196,12176,2990,844,173,49,5,0,25483,7246,383,31,6235,9417,1899,26272,309,357,688,2500,9165,16714,16167,11720,12541,182,10618,22312,8587,7856,1139,91207,5086,140,25058,7449,605,7672,9910,59819,36614,28333,4779,209,17373,17,96416,4708,28307,97,536,17046,983,95450,702,29754,2656,292,17290,97,96336,2175,30655,282,0,96.3861988,0.205424894,0.00838469,0.637236406,0,0,2.733408796,0.029346413,1170
43.2,5348,8263,39406,1379023,1,1,255,0,82.10602094,8.868687403,110.4197831,32.64678148,117.1944652,35.78179657,197.7225131,41.71467962,197.7225131,41.71467962,110.0102842,75.43030902,52.74719521,26.64699803,90.25373972,20.6337258,86.73485415,28.18340778,88.82049364,25.38552442,0,5348,0,0,0,39406,0,8263,5253,95,7,1433,11648,14080,8825,2786,607,20,0,5772,2491,1998,3350,2,610,4706,8068,8318,13333,4330,39,0,6332,1931,48,3047,2253,0,0,71,5934,8885,13663,10801,49,3,12,320,6174,1624,112,21,0,1,688,4659,0,167,685,743,1394,4207,13489,18721,1,582,7680,0,265,3163,1920,0,3,252,532,567,745,1473,3845,9996,21993,1,1372,6890,1530,1830,1988,33858,5232,316,710,4794,2759,1536,3812,32734,6672,1576,6687,134,5214,74,39332,2753,5510,0,1153,4195,282,39124,2822,5369,72,392,4956,125,39281,3907,4345,11,0,100,0,0,0,0,0,0,0,1358
50.9,11152,7297,15596,1855921,1.016568661,1,255,0,99.88997489,10.07232388,96.45606169,13.51212673,141.8787661,32.07370907,108.6116386,53.79652001,108.6116386,53.79652001,67.02573529,50.27636617,29.5840208,12.54432826,103.1225789,13.97397377,97.15396341,14.87039831,100.1273314,14.45972947,0,11152,0,0,0,15596,0,7297,5940,5212,0,0,0,501,8454,6565,76,0,0,3342,3955,4278,6874,1,14385,1210,0,0,0,0,0,0,817,6480,2,2339,8811,0,1,4116,11230,249,0,0,0,0,0,3,824,2906,3529,35,0,2138,6192,2822,7156,3827,3193,1222,192,6,0,0,5774,1264,259,1621,5008,4283,240,6625,1484,3371,2521,1188,362,44,1,0,0,5949,1179,169,4683,5530,939,12989,2500,107,6708,578,11,8286,2866,6667,8929,7272,25,3,11149,2798,12798,0,6033,1264,94,11058,12580,3016,0,3250,4047,18,11134,9651,5945,0,5839,1458,82.76145132,14.05352159,1.116401248,0,2.068625841,0,0,0,0,425
49.1,3010,4163,34090,1360000,1,1,255,0,118.5727575,23.16763484,87.20465116,25.97609873,79.82657807,26.68232845,123.9465433,60.07843739,164.166113,33.20092484,166.3222591,69.40159503,59.04717608,21.83856676,73.71162791,11.52525069,67.12026578,12.34268188,68.41229236,11.71256714,0,3010,0,0,0,34090,0,4163,692,2318,0,0,122,1566,5980,9806,8466,6603,1547,387,3776,1533,1477,0,947,26111,6056,975,1,0,0,0,1388,2775,304,2533,173,0,0,7466,23664,2952,8,0,0,0,10,267,3566,273,16,7,24,536,1243,1231,1200,8427,13767,8456,2109,131,0,0,204,1186,2773,1,363,2428,218,381,24,37,38,101,383,1610,10678,17815,3023,7,1554,2602,201,961,1848,9059,22414,2617,88,836,3239,426,2584,22326,11764,1149,3014,233,2777,105,33985,2498,1665,0,1553,1457,2495,31595,1954,2187,22,1276,1734,821,33269,3491,670,2,0,24.89288775,74.07883462,0,1.028277635,0,0,0,0,510
54.3,4495,1582,53849,1708135,1,1,254.9946607,0.316393738,128.683871,15.13131794,84.3461624,10.42726915,122.9559511,19.76208783,63.18796166,28.88876127,229.9552836,22.18629909,51.30478309,29.28059109,55.51034483,23.49658986,75.31501669,10.8742042,70.14104561,12.35564242,70.42135706,11.55704058,0,4495,0,0,1,53848,0,1582,83,4412,0,1,89,3135,15768,21080,11341,2303,132,15,1567,3628,867,0,2025,30246,21320,258,0,0,0,0,1273,309,0,1654,2841,0,0,6,358,11816,20954,17227,3256,232,0,0,49,1171,350,12,0,1624,2871,0,16206,21896,11801,3478,443,25,0,0,801,781,0,0,2,658,3835,235,16,30,32,63,190,493,1512,6264,45014,0,1,1581,2260,2235,0,41961,11222,666,857,723,2,996,3499,40587,13262,546,1036,179,4316,620,53229,179,1403,0,1451,3044,2025,51824,87,1483,12,1100,3395,1820,52029,354,1228,0,0.63810392,99.36189608,0,0,0,0,0,0,0,454
64.4,16370,11510,10601,1280476,1.256813407,1,254.9998167,0.02344752,144.3875382,15.73066472,100.4279169,28.83352976,106.0808186,16.03898223,113.8015232,64.95296499,140.1408064,59.63443343,125.1596823,65.40422512,41.23378131,20.21152472,82.90873549,14.26633216,76.52406842,14.67543042,79.07061698,14.12223842,0,16370,0,0,0,10601,0,11510,40,16330,0,0,3,17,146,743,1636,1978,6078,29,11481,8329,8041,172,5871,4400,156,1,1,0,0,0,1987,9523,43,12251,4076,16,520,3525,4445,1949,143,3,0,0,2,10,624,5801,4153,871,49,3169,7439,5762,1595,2458,2655,1916,1212,606,143,16,6954,3742,814,1855,2511,11295,709,772,30,73,146,427,1552,2845,2934,1322,500,201,2789,8520,2310,7795,6265,3119,6189,1293,8132,2747,631,6865,9505,1643,8958,11281,229,363,16007,257,10344,562,10490,458,2014,14356,6996,3605,158,9976,1376,649,15721,3041,7560,367,10670,473,100,0,0,0,0,0,0,0,0,710
65.1,4741,1717,22977,1569982,1,1,255,0,136.6131618,9.47319713,119.0634887,7.270219729,128.2197849,12.67472804,150.19817,35.73826717,150.19817,35.73826717,113.2750475,49.42151289,33.52604936,11.27150577,85.05062223,15.09656576,80.78464459,10.88434716,81.4800675,12.14194674,0,4741,0,0,0,22977,0,1717,0,4741,0,0,2,45,469,3490,8602,6398,3971,2,1715,28,4713,0,90,3551,7254,9833,2242,7,0,0,0,1717,0,667,4074,0,0,18,2415,5299,8095,7100,50,0,0,2,324,1199,192,0,0,20,2181,2540,5543,11398,4413,1200,334,86,3,0,309,974,434,8,1174,3410,149,2254,7502,8103,3306,1157,444,160,48,3,0,371,1088,258,473,3088,1180,20243,2669,65,255,1113,349,3014,1727,16266,6711,1684,33,60,4681,7,22970,429,1288,0,156,4585,335,22642,0,1717,0,169,4572,33,22944,273,1444,0,0,0,0,0,0,0,100,0,0,407
22,44010,40835,65546,1579622,1,1,254.9879346,0.520885421,132.8865031,22.17063796,147.1237446,34.46894621,176.9872529,50.12753664,23.52021734,27.53817307,23.52021734,27.53817307,10.25689616,18.09073348,29.45473756,25.945927,151.2947057,34.73831161,148.4742104,39.83831624,151.483731,37.56737556,0,44010,0,0,0,65546,0,40837,5117,38893,2,1208,16985,31504,11749,3277,402,136,283,21113,19724,2104,41906,47,8110,27029,21643,8572,136,9,0,0,40837,0,151,7086,36773,15,319,24412,20288,16259,4032,152,36,33,3126,25045,9740,2314,579,32,1,38919,4761,330,33908,22949,6982,1372,295,39,1,0,25245,14236,1356,37374,6011,568,57,20416,23303,15032,4885,1368,418,104,19,1,0,26670,13664,503,41787,2201,22,60893,4541,112,22086,17552,1199,31072,12938,28200,37346,23777,17060,995,43015,3219,62327,24659,15173,1005,2191,41819,12901,52645,14166,25548,1123,1392,42618,7828,57718,24735,15533,569,96.0252088,0,0,1.277679871,0,2.697111332,0,0,0,1504
66.9,6075,2078,22486,1637322,1.54483521,1,254.9947325,0.410560191,96.9055144,8.567362368,111.6217284,12.54121117,106.2964609,17.07436462,222.0116872,24.74130284,222.0116872,24.74130284,39.13547325,34.47562286,23.07539095,8.3554303,88.38419753,9.712099347,89.64279835,9.920600761,89.76312757,9.739580272,0,6075,0,0,0,22486,0,2078,3968,2107,0,8,1386,6223,11032,3651,185,1,0,1974,104,346,5729,0,602,11712,7917,1945,310,0,0,0,7,2071,0,4639,1436,0,18,4029,10949,5130,2238,122,0,0,0,347,1216,487,28,0,0,0,65,6010,12,0,22,218,1203,5680,10408,4943,0,132,1946,0,13,1832,4230,11,1,0,15,128,381,1645,5297,8716,6292,0,194,1884,4629,1317,129,14956,7106,424,2005,68,5,5632,443,18670,3816,2078,0,0,6075,310,22176,1,1711,366,1,6074,1201,21285,0,1125,953,1,6074,683,21803,0,1603,475,14.56400742,65.83178726,6.153370439,0,13.45083488,0,0,0,0,502
63.3,26104,22881,96982,1632575,1,1,254.1616227,5.090496646,91.33669169,11.36940511,110.2909516,14.92703168,113.4893886,21.03666152,206.348031,36.93173016,206.348031,36.93173016,57.91009041,43.63720484,37.82443304,19.47800233,76.22494637,16.77670884,68.54233068,15.39740734,71.4944453,15.57504076,0,26104,0,0,0,96982,0,22881,20723,5381,3,1148,15244,32957,28897,14182,3847,687,17,8092,14789,2405,23699,5,2325,24348,35217,28788,6048,251,0,0,16753,6128,3,16232,9869,0,0,399,12475,25107,29628,26406,2962,5,1,472,13641,8541,220,6,0,84,1770,24250,6851,251,459,1000,3533,13891,35441,35556,5,1717,21159,83,662,12809,12550,6749,182,218,370,622,1558,4313,12720,27119,43131,5,3206,19670,13040,11960,1104,87700,8844,438,9963,11662,1256,13529,12575,61448,35534,15525,7356,4393,21711,959,96023,13765,9115,1,12463,13641,12760,84222,12465,10414,2,8618,17486,5262,91720,16362,6519,0,0.785488246,92.03209765,1.384493671,0.203435805,5.594484629,0,0,0,0,272
60.6,5590,9765,30621,1561933,1,1,255,0,103.3348837,23.67657628,129.7139535,40.37553102,111.1719141,29.05442413,72.30226606,29.25448095,72.30226606,29.25448095,67.67495528,41.9696454,32.1667263,21.48100648,102.9810376,24.87621165,96.59284436,27.99489165,98.77942755,26.69132326,0,5590,0,0,3,30618,0,9765,2771,2819,63,346,910,1769,3301,5299,7519,8174,3240,9177,588,1319,4271,20,4011,12443,9541,2811,1104,473,135,83,18,9747,81,3114,2395,0,3,80,8022,12626,7940,1730,171,49,1727,783,1535,4797,914,9,0,1202,4240,148,11095,14881,3883,680,73,9,0,0,8288,1428,49,598,4683,307,2,2217,15741,9087,2715,691,140,24,6,0,0,8595,1145,25,2193,3010,387,25392,5124,105,8767,895,103,3678,1912,7857,22764,9692,73,36,5554,216,30405,31,6270,3464,730,4860,14990,15631,0,4793,4972,462,5128,6105,24516,6,6282,3477,0,66.49946256,33.10641347,0.214976711,0.179147259,0,0,0,0,707
52.5,20805,3868,57370,1800571,1,1,252.69118,10.06967849,100.078683,13.75246075,113.1840423,23.82965478,118.2068253,19.73862693,68.40066242,36.45896804,149.4978663,39.36885283,92.9988945,54.881701,32.87825042,16.1296221,89.51872146,13.15955207,86.80696948,15.0248317,87.7791877,13.97116676,0,20805,0,0,0,57370,0,3868,10899,9906,2,49,1189,10783,22593,14345,5512,2462,435,657,3211,4308,16497,2,1669,14323,17036,14705,8131,1470,34,0,1868,2000,0,9290,11515,0,0,26,2728,19040,12397,14788,8190,201,0,1,318,2971,571,7,0,6725,13806,274,26617,23054,6660,1001,38,0,0,0,788,2800,280,0,0,0,0,0,0,0,0,0,0,0,0,0,0,0,0,0,4646,12681,3478,41110,14665,1595,292,2320,1256,12185,8620,33432,23938,3263,605,38,20767,187,57183,27,3841,0,423,20382,3181,54189,5,3854,9,106,20699,832,56538,17,3851,0,0,97.73429454,0.628218332,0,1.637487127,0,0,0,0,360
65.7,29805,23118,51958,1403889,1,1,255,0,107.5116927,14.90634789,116.6778728,26.77040064,123.0891126,18.79246841,118.7048705,41.83792462,181.4728066,37.62164862,121.0852206,60.10032087,39.13903707,19.53762757,101.7064251,17.92956142,89.6924006,18.24855413,93.86874685,17.63679831,0,29805,0,0,0,51958,0,23118,9701,20104,0,11,207,3341,10956,18328,15087,3912,116,16161,6957,6486,23319,0,246,10887,17745,15427,7501,132,20,0,98,23020,0,10855,18950,0,0,0,399,8621,16001,15467,10985,485,0,6,406,9823,12041,842,0,1957,20973,6875,18828,24698,5974,1813,503,128,13,1,17829,4946,343,17,2292,20966,6530,7280,110,108,210,517,1288,2718,6361,13078,20288,35,4122,18961,3705,15981,10119,44008,7497,453,19044,3684,390,14276,15529,31451,20507,22961,157,562,29243,17,51941,7,12974,10137,1146,28659,413,51545,7,9358,13753,644,29161,36,51922,7,13056,10055,0,58.97865638,33.76814813,0,0,0,7.253195485,0,0,598
62.1,49079,29487,27308,1741827,1,1,254.9754681,1.547859522,123.197396,18.53505606,86.52431794,17.48149443,95.7970415,23.27243357,143.64278,39.5395838,149.4978663,39.36885283,187.5864015,59.66712431,31.04892113,18.46809275,87.00709061,13.62169981,83.0326005,14.28876444,85.23262495,13.67986179,1,49078,0,0,0,27308,0,29487,4013,45066,0,0,1,393,4083,10032,10876,1915,8,940,28547,32408,16671,71,5625,10468,7718,3139,287,0,0,0,5893,23594,902,39403,8774,62,14,2643,5998,6808,5606,3970,2057,150,87,781,4908,10423,8523,4424,341,367,27896,20816,145,28,47,174,843,6194,15259,4618,108,4471,24908,0,0,0,0,0,0,0,0,0,0,0,0,0,0,0,0,0,1331,10646,37102,19785,6742,781,16239,9689,3559,31869,17210,11628,15680,26840,2647,176,48903,12,27296,460,24754,4273,3270,45809,2867,24441,144,23401,5942,1059,48020,226,27082,309,25637,3541,0,61.62102757,30.19140947,0,0.117226852,0,8.070336111,0,0,371
63.5,11820,5086,105702,1701389,1,1,254.7033841,3.231697239,108.3059222,13.71492414,120.0335025,25.05063952,121.107868,28.3828835,120.1209872,39.8026762,177.4893401,37.57378015,139.7549069,62.10616568,33.10693739,15.77641938,93.48282572,19.57330062,91.42664975,20.52191383,92.77030457,20.08755557,0,11820,0,0,0,105702,0,5086,2982,8838,0,5,251,4844,33552,42699,19506,4725,120,118,4968,2004,9816,3,1879,17296,41057,35183,8620,1533,127,4,2574,2512,31,5797,5992,0,0,4,2581,18205,30511,45670,7971,760,11,55,1343,3355,309,13,0,0,0,0,0,0,0,0,0,0,0,0,0,0,0,8,1199,8305,2308,4896,191,183,220,231,372,897,4913,52437,41362,10,2224,2852,1030,5269,5521,89318,15497,887,68,1200,3818,7042,4778,64492,41210,4109,977,58,11762,31,105671,303,4759,24,490,11330,1014,104688,14,4960,112,171,11649,123,105579,154,4885,47,0.099453008,70.78567877,12.25758329,0.870213824,15.98707111,0,0,0,0,172
63.5,24679,18454,162627,1506268,1,1,254.9982981,0.222337241,102.7534746,12.75188574,111.2189716,15.14341399,106.1384578,18.17730824,147.7065092,37.58016438,192.6540378,30.47091842,122.266745,54.34502365,42.4733174,13.61745687,90.12925969,12.07666178,88.93537015,10.3833443,90.67826897,10.91183095,0,24679,0,0,0,162627,0,18454,10954,13725,0,45,2480,16748,45569,57198,28715,9627,2245,4988,13466,2521,22158,0,686,19643,77641,51910,11805,942,0,0,8077,10377,22,18102,6555,0,0,348,25474,74168,52803,9774,60,0,13,4012,10069,4336,24,0,0,189,11907,12583,90900,51905,15142,3922,661,93,4,0,6352,9757,2345,6,534,17161,6978,18598,331,312,392,1526,5204,6922,12210,28228,88904,56,2059,16339,2405,14121,8153,150710,11421,496,8232,8509,1713,7444,17235,120557,42070,14657,3797,120,24559,28,162599,3643,14811,0,37,24642,645,161982,10,18341,103,43,24636,54,162573,551,17903,0,43.11791038,1.095223608,1.329914381,39.38458864,15.06801686,0.004346125,0,0,0,379
50.8,11741,1980,67808,1480322,1,1,250.1510945,12.18462446,79.82241717,29.9728934,115.5410953,42.86076406,143.4307129,52.51927113,30.20709689,34.17599656,232.4658888,24.91775157,24.00953922,31.78825136,22.71705988,23.19710754,89.833745,22.20628368,94.04812197,23.12821056,93.59373137,22.95769774,1,11740,0,0,0,67808,0,1980,9587,2154,346,9608,31624,20800,5197,229,4,0,0,1,1979,2491,9250,94,6939,33831,23089,3808,46,1,0,0,1980,0,1126,1511,9104,0,41,370,2500,7968,17393,17350,10876,11310,1866,112,2,0,0,0,0,9371,2258,112,11035,15357,10572,9438,10891,8170,2072,273,1979,1,0,0,4,2233,9504,389,22,24,79,226,660,2323,9724,28393,25968,0,19,1961,9727,1933,81,27941,28558,11309,1924,56,0,9531,2210,40016,27792,424,1556,711,11030,167,67641,943,1035,2,1000,10741,1568,66240,887,1092,1,855,10886,208,67600,1060,920,0,0,74.73248188,0.448740076,0,0,0,24.81877805,0,0,538
58.8,36670,23352,77109,1783596,1,1,255,0,85.6682847,10.02743926,124.7698118,11.36181496,148.0974093,19.57369437,63.52974259,24.76122693,241.4348514,21.63453914,20.10084538,16.67202925,55.62391601,21.14307582,93.97300245,14.72174419,76.19015544,14.55607901,83.42991546,13.94689947,0,36670,0,0,0,77109,0,23352,33605,3065,2,283,9260,25435,21389,12986,6262,1415,77,17965,5387,108,36562,3,4128,27253,26949,15678,3088,10,0,0,286,23066,0,1585,35085,0,0,134,15292,21435,19549,15318,5312,69,0,38,3041,12980,6990,303,0,11446,25082,142,49583,22285,4372,761,108,0,0,0,18702,4622,28,49,66,2929,33626,2715,119,112,125,143,235,789,3568,17673,51630,71,370,22911,34763,1880,27,74038,2972,99,22824,523,5,6029,30641,42536,34573,18739,4613,19,36651,406,76703,1361,21855,136,7285,29385,9308,67801,448,22604,300,333,36337,2976,74133,1065,22188,99,0.497479872,80.70083568,11.74532522,1.680085532,2.323754664,0.602212476,2.384848683,0,0.065457878,195
63.5,5922,1932,9387,1422656,1,1,255,0,119.0903411,15.91213985,85.11465721,14.82461304,126.6941912,29.28139854,179.5094563,29.31507717,179.5094563,29.31507717,209.601486,42.6132268,46.58375549,19.20963629,75.7830125,6.420340227,72.75346167,8.46284042,74.80547112,7.360730841,0,5922,0,0,0,9387,0,1932,523,5399,0,0,1,56,720,2980,4072,1385,173,349,1583,3985,1937,35,3421,5572,359,0,0,0,0,0,934,998,49,1833,4040,0,29,353,2462,3784,2321,418,20,0,0,1,112,898,884,37,0,0,921,5001,0,1,5,65,179,1530,5912,1695,0,194,1738,0,340,4801,781,0,0,1,3,33,81,256,1531,4776,2706,0,463,1469,0,647,5275,291,5508,3588,35,549,1348,1838,4084,4286,5101,1544,388,11,5911,456,8931,206,1726,0,898,5024,4007,5380,10,1907,15,276,5646,2304,7083,49,1883,0,99.9245283,0,0,0.075471698,0,0,0,0,0,437
57.7,11200,7587,37127,1783466,3.027959585,1,255,0,115.8055357,10.09720793,108.2389286,12.68129754,119.7059821,20.48368336,110.3202212,35.21690076,149.4978663,39.36885283,89.56526786,41.6709975,36.98339286,13.97147001,92.72678571,9.559911443,94.15267857,12.92400158,93.91125,11.90381648,0,11200,0,0,0,37127,0,7587,538,10662,0,1,15,256,2981,9806,10225,7899,5944,654,6933,1196,10004,5,5160,26361,5486,115,0,0,0,0,264,7323,0,5485,5715,7,125,5061,20599,9620,1658,57,0,0,2,101,894,5962,628,0,0,631,9114,1455,3152,7736,11730,10395,3882,232,0,0,6399,1169,19,0,0,0,0,0,0,0,0,0,0,0,0,0,0,0,0,0,1604,8469,1127,10683,23171,3273,6998,588,1,5272,5928,18975,18152,7494,93,10,11190,296,36831,0,7227,360,25,11175,3479,33648,0,2548,5039,13,11187,1724,35403,0,6007,1580,0,4.301799634,68.4919642,0,0,0,27.20623617,0,0,224
54.1,3466,930,20359,1746424,1,1,255,0,121.745528,13.51904814,85.95614541,14.49710459,110.9988459,23.15385516,98.11255115,32.51424288,98.11255115,32.51424288,156.5692441,52.98770551,27.31477207,12.6559716,72.50634737,7.567423925,67.93248702,7.715133869,70.05568379,7.467143094,0,3466,0,0,0,20359,0,930,160,3306,0,0,1,78,1000,6300,9166,3585,229,166,764,2450,1016,18,6885,12843,613,0,0,0,0,0,280,650,17,1968,1481,1,20,752,8564,8111,2635,261,15,0,0,16,101,597,216,0,0,266,3028,172,8053,8092,3025,1007,178,4,0,0,116,761,53,158,2586,722,0,3097,8942,4744,2216,1027,296,37,0,0,0,146,776,8,58,1458,1950,11746,7620,993,91,529,310,2697,769,10966,9393,925,5,74,3392,4512,15847,75,846,9,1141,2325,12611,7748,6,881,43,511,2955,9057,11302,63,860,7,0,100,0,0,0,0,0,0,0,662
60.3,15625,9595,3505,1533881,1,1,255,0,160.281984,17.19795588,96.018112,20.351802,129.717568,25.2856019,85.33933363,43.30294517,85.33933363,43.30294517,74.981376,54.70329571,50.83872,23.63374419,81.821632,13.21406887,72.890944,12.28270989,75.85312,11.96101126,0,15625,0,0,0,3505,0,9595,0,15625,0,0,0,0,0,0,0,2,3503,3,9592,7175,8450,0,2873,632,0,0,0,0,0,0,1022,8573,2,4874,10749,0,0,257,2802,446,0,0,0,0,0,0,33,916,2667,2708,3271,3940,10253,1432,1572,1508,341,75,9,0,0,0,6249,3229,117,2776,9823,2992,34,445,1709,1001,254,76,20,0,0,0,0,6676,2876,43,6470,7445,1710,3024,470,11,7540,2002,53,4554,11071,56,3449,6563,3032,188,15437,20,3485,48,6963,2584,4407,11218,3284,221,7,6594,2994,2041,13584,2397,1108,20,7464,2111,59.90230485,0,39.65190174,0.042682348,0.403111069,0,0,0,0,781
53.4,24418,41571,69675,1660317,1,1,255,0,123.5824405,18.81724944,145.4238161,26.82204729,120.0613397,21.80864835,58.1530817,46.31586377,223.0377034,41.68434332,48.09851149,51.45671054,22.95640795,11.7292824,108.4568578,29.10679607,109.4681443,25.63531656,109.3816554,26.76562351,0,24454,0,0,0,69675,0,41597,1864,22590,0,0,5,157,1263,7144,13590,16779,30737,14867,26730,772,23682,7,2093,21709,30695,12590,2483,98,0,0,26,41571,27,10255,14172,0,0,558,18955,34884,14675,603,0,0,2,27,9631,30125,1809,3,0,14083,8852,1519,63588,5372,564,106,33,9,3,0,40172,1374,51,6,843,6668,16937,2960,79,98,147,311,1373,5087,10575,14560,34485,6,934,40657,15490,7447,1517,68609,1045,21,40123,1378,96,20840,3614,38713,30962,39864,1733,44,24410,51,69624,35,13113,28449,146,24308,3391,66284,1,3435,38161,74,24380,445,69230,18,9790,31789,73.3788068,2.22563807,0,10.72469337,13.67086175,0,0,0,0,563
64,39392,46660,103258,1522011,1,1,254.9278788,2.129624984,117.4226747,14.44722144,116.0282037,20.47315192,125.5981164,27.91494513,207.1093623,38.31073469,207.1093623,38.31073469,34.1848091,30.22542328,35.15668156,15.66198528,111.4236901,19.18727104,105.5498325,18.53177476,107.14046,18.31449637,0,39392,0,0,0,103258,0,46660,5015,34377,0,24,655,4476,21060,38280,27299,9715,1749,41829,4831,5067,34325,0,94,7760,31993,39431,20875,3013,92,0,4,46656,9,15642,23741,0,0,3,111,7699,21847,29930,30800,12868,2,6966,30471,7766,1425,30,0,225,2355,36812,10642,372,455,932,3575,17968,34943,34371,7,272,46381,221,959,18493,19719,10473,287,312,335,592,1486,4887,16504,27298,41084,7,1033,45620,30176,8897,319,98765,4406,87,45742,863,55,22413,16979,82819,20439,46236,424,130,39262,3040,100218,3,3881,42776,397,38995,3940,99318,2,1502,45156,236,39156,3384,99874,2,4034,42624,93.341031,0,0,3.018167468,0.65186571,2.988935822,0,0,0,396
39.9,28127,24131,130113,1548780,1,1,255,0,132.7265972,10.92479371,126.1661037,19.89674509,159.3048317,27.92269118,208.4830945,29.91628897,208.4830945,29.91628897,94.67461869,45.21881904,40.12951968,17.9697348,112.6150674,11.91986465,107.2482312,12.3428367,111.3008853,11.1566879,0,28127,0,0,17,130096,0,24131,77,28050,4,79,206,1260,5980,19395,33900,36125,33164,498,23633,1463,26664,410,10666,39436,53688,24752,1026,125,10,0,1572,22559,32,1760,26335,34,52,239,17079,41630,45735,23608,1712,24,141,311,1175,8326,11983,2085,110,25,1393,26709,15772,287,300,395,1013,5363,34491,72492,92,1147,22892,14,609,11636,15868,15658,206,224,241,280,477,1255,5198,23693,82881,119,2085,21927,4597,20142,3388,117029,12585,499,16499,6710,922,12745,15382,100427,29686,21278,2853,0,28127,89,130024,39,22125,1967,207,27920,794,129319,33,19450,4648,5,28122,221,129892,30,22095,2006,9.172244682,0.397640665,0,82.37789118,0,6.48817019,0,0,1.564053284,412
57.9,18308,5761,41764,1594374,1,1,255,0,136.7183199,17.6674184,88.06073847,16.69859874,99.71651737,22.9215971,179.3318222,27.91428207,179.3318222,27.91428207,104.9270811,47.41314153,39.7805331,19.76683911,76.73689098,11.47036719,70.28670527,12.63830157,72.53916321,11.93991558,0,18308,0,0,0,41764,0,5761,212,18096,0,21,132,194,943,6291,12463,10586,11134,1804,3957,11545,6763,3,3903,14321,14224,9105,207,1,0,0,891,4870,72,14244,3992,0,0,530,11385,12790,14609,2442,8,0,15,399,3175,2110,62,0,0,2,2685,15621,551,11,17,83,632,3739,20892,15839,1,248,5512,0,490,15356,2462,544,7,13,13,36,213,876,3618,15554,20890,1,611,5149,2302,12758,3248,36539,5145,80,3950,1699,112,8694,9614,30375,11389,5534,227,1115,17193,106,41658,1330,4227,204,6167,12141,4115,37649,411,4471,879,4074,14234,984,40780,1233,4251,277,90.05895745,0,8.662658339,1.079913607,0.198470609,0,0,0,0,74
66,37412,3848,62268,1676092,1.07041657,1,251.9139581,11.75047754,48.581391,9.41469179,123.5321287,29.86102744,92.45923768,20.39847022,74.88229577,46.19426019,74.88229577,46.19426019,77.26050465,62.55814331,30.28675291,17.75321977,90.39866888,25.11906737,84.43854913,20.83768659,86.41414519,21.95067701,0,37412,0,0,0,62268,0,3848,37412,0,24642,34400,3205,17,3,1,0,0,0,3848,0,6292,31120,116,7469,32240,17599,4575,269,0,0,0,2348,1500,356,33146,3910,28,597,9015,28040,20232,4319,36,1,0,5,144,2455,1182,58,4,0,12766,22679,1967,34550,17136,8377,2053,149,3,0,0,112,2721,1015,11138,21099,5045,130,23531,17457,12423,6325,2147,366,19,0,0,0,169,3255,424,15662,15923,5827,45842,15352,1074,178,2157,1513,24747,12665,30741,31527,2623,1225,570,36842,774,61494,321,3527,0,4797,32615,15952,46316,69,3779,0,2256,35156,6274,55994,640,3208,0,0,89.91329927,5.101408887,0,0,0,4.985291841,0,0,673
51,62107,5327,50992,1547040,1,1,254.5584556,3.93745691,99.85752009,11.97950554,107.7355371,21.33526864,74.3441319,15.07623895,50.86511345,39.09233095,203.8004734,45.48513375,43.15206015,45.9899407,26.7295796,19.73641123,73.18611429,21.86481938,72.79772006,22.5528108,72.67599465,22.11004898,0,62107,0,0,0,50992,0,5327,30609,31498,3,37,586,2436,6881,10744,11998,11816,6491,736,4591,16115,45992,6977,21712,17209,4542,537,15,0,0,0,5327,0,1321,60559,227,3710,10428,28641,7377,803,33,0,0,0,253,4710,362,2,0,0,0,37186,23968,953,15165,19774,12323,3150,533,46,1,0,2149,2979,199,975,1384,30441,29307,3261,97,140,157,252,677,1754,5875,14127,24652,99,666,4562,41121,18440,2546,37212,13001,779,2162,2475,690,47197,14910,9310,41682,1971,3356,19185,42922,12897,38095,3751,1572,4,29292,32815,43390,7602,3682,1637,8,27840,34267,37309,13683,4307,1017,3,21.66251968,14.48230336,0.426547504,53.32351597,9.135225715,0.116792769,0,0,0.853095008,392
58.9,4328,4330,36771,1386847,1,1,254.9789741,0.633238244,91.85281885,17.88661387,123.4297597,31.78656377,100.6171442,17.70093209,90.64557438,43.20060672,178.3987985,38.22930726,98.46950092,56.49074724,45.46880776,19.51636048,103.50439,22.7828746,95.39163586,24.45307065,99.59704251,23.90018166,0,4328,0,0,0,36771,0,4330,2779,1549,0,14,462,4048,9101,11300,10170,1671,5,4330,0,884,3444,0,4033,25504,6779,453,2,0,0,0,0,4330,0,3608,720,0,0,140,21492,12263,2723,148,5,0,0,3,2106,2217,4,0,0,954,3114,260,9230,8575,9795,6799,2038,308,26,0,2728,1306,296,17,355,3152,804,0,2,28,106,319,820,2666,9627,15756,7447,7,405,3918,849,2555,924,13058,21786,1927,3551,699,80,1478,2850,15977,20794,4273,57,10,4318,1259,35512,0,669,3661,241,4087,9903,26868,0,331,3999,55,4273,2665,34106,0,564,3766,0,99.62520079,0,0,0,0,0.053542745,0.32125647,0,790
59.9,3914,759,2636,1388314,1,1.589936852,255,0,142.4683189,21.49505658,93.17935616,15.32945208,163.7570261,23.70630165,51.72204492,29.05276363,51.72204492,29.05276363,55.16990291,31.31224091,34.47112928,12.81160785,70.55774144,9.170913844,66.11165049,8.750045945,67.63617782,8.670412826,0,3914,0,0,0,2636,0,759,119,3795,0,0,0,0,0,0,0,0,2636,0,759,2088,1826,0,2311,325,0,0,0,0,0,0,16,743,0,13,3901,0,0,0,0,334,2244,58,0,0,0,0,0,1,42,307,409,2378,1517,19,2567,62,7,0,0,0,0,0,266,491,2,1919,1906,89,0,1572,1049,10,5,0,0,0,0,0,0,345,414,0,2051,1801,62,2636,0,0,687,72,0,2204,1710,234,2402,759,0,448,3466,0,2636,48,711,0,1906,2008,1923,713,1,758,0,1434,2480,561,2075,29,730,0,0,53.89784946,46.10215054,0,0,0,0,0,0,80
73.5,14284,8178,41792,1398431,1,1,254.9976197,0.206645707,118.9361523,16.03241346,94.6133436,17.3389419,105.633296,24.36892231,112.9314222,33.55956272,127.3089471,38.62453217,172.4953794,61.50557004,31.0208625,12.79290115,86.16010921,12.22189426,81.57882946,11.68177747,84.27926351,11.74298564,0,14284,0,0,0,41792,0,8178,2069,12215,0,0,9,163,1880,8834,16526,12137,2243,5821,2357,7091,7193,19,8512,22402,10489,366,4,0,0,0,240,7938,31,9841,4412,0,0,1499,16058,16353,7618,259,3,2,10,1433,3842,2651,224,16,2,333,11891,2060,14924,22454,3717,653,44,0,0,0,5986,2111,81,245,6656,7200,183,0,1,11,40,161,498,1972,11236,20633,7240,178,2543,5457,381,4532,9371,32357,8281,1154,5257,2233,688,9229,5055,20682,21110,7731,447,36,14248,238,41554,139,6311,1728,554,13730,2793,38999,15,5626,2537,159,14125,389,41403,94,6565,1519,31.58038519,0,68.41961481,0,0,0,0,0,0,557
66.7,17077,3045,61150,1634434,1,1,254.997778,0.213282625,126.5632675,19.70874863,99.17664601,21.26531253,136.5276576,31.24963988,121.7676218,41.75376776,190.9662613,21.87073294,81.35101158,40.26194411,33.33779675,17.36543584,87.35691732,11.10931846,82.99374342,12.39067939,84.50830312,11.47164499,0,17102,0,0,0,61150,0,3045,1137,15965,0,0,9,144,1531,8479,19204,18087,13696,0,3045,7694,9408,1,3040,33812,22009,2222,66,0,0,0,3045,0,0,4560,12542,0,0,40,522,14580,18353,12325,11525,3805,0,16,372,1905,719,33,0,730,11739,4633,42509,15143,2895,550,53,0,0,0,3,1848,1194,8,232,14451,2411,5381,86,95,120,138,376,2032,8479,19354,25089,0,212,2833,3823,12107,1172,59371,1762,17,119,2470,456,9942,7160,32875,28275,2584,461,5,17097,13,61137,4,3041,0,256,16846,1601,59549,0,3045,0,12,17090,176,60974,0,3045,0,40.69015097,1.258087707,12.40115025,14.03666427,31.6139468,0,0,0,0,44
67.2,20015,12257,66903,1670962,1,1,255,0,98.23427429,11.00650372,104.0025981,11.01816742,102.6822883,13.39320608,95.68807905,25.66469524,95.68807905,25.66469524,49.65191107,31.89459841,46.70212341,17.53517509,78.34678991,13.1488316,72.28103922,11.66993901,74.44316762,11.71181193,0,20015,0,0,0,66903,0,12258,11496,8519,3,306,4262,14366,22141,18767,6259,766,33,7049,5209,2735,17280,5,3556,25705,28964,8408,262,3,0,0,2806,9452,10,17187,2818,2,3,669,24114,31457,10587,71,0,0,3,47,8524,3634,50,0,0,596,18833,586,14647,30268,17350,3719,751,160,8,0,1446,10654,158,256,17322,2434,3,4551,21092,23150,12821,3864,1010,318,91,5,1,2342,9831,85,12921,6723,371,61928,4770,205,8888,3301,69,5216,14799,37627,29276,5021,7237,1045,18970,921,65982,3723,8535,0,5752,14263,10452,56451,3405,8844,9,3381,16634,5426,61477,5699,6559,0,77.42031134,0,0,4.373610082,0,18.20607858,0,0,0,353
45.2,13923,22623,63404,1454899,1,1,255,0,151.5415979,10.03942209,121.3059364,17.3661223,179.2335798,16.91996262,44.60802475,19.98277797,192.1011413,58.94143765,20.58983562,19.86035296,17.13961668,22.070886,50.00373268,42.10770708,45.50879334,34.10558715,47.04751992,36.63535273,0,13931,0,0,0,63404,0,22623,0,13931,0,0,0,223,1241,4048,7518,13291,37083,0,22623,841,13090,0,1168,13756,39296,8756,425,3,0,0,717,21906,0,0,13931,0,0,0,0,0,135,10385,21861,31023,0,0,0,89,1173,8470,12891,9380,4549,2,37093,16359,7809,1787,325,27,4,0,15214,7340,69,92,2276,4958,6605,5996,4116,5831,5360,5105,5679,5356,4828,4481,16652,669,5715,16239,13443,401,87,58690,4531,183,21056,1503,64,10771,3160,42006,21398,19739,2884,7430,6501,24695,38709,4754,17852,17,7529,6402,34340,29064,4787,17836,0,7431,6500,27167,36237,4768,17855,0,70.01433692,0,26.83154122,1.41218638,0,1.741935484,0,0,0,94
52.4,1163,726,26820,1436389,6.288739681,1,255,0,130.6646604,11.7941764,111.3413586,10.13240574,146.3490972,18.63994994,153.7317283,20.59239493,153.7317283,20.59239493,176.7214101,34.00012323,91.77815993,17.9375654,76.26139295,5.675121337,54.8460877,3.80816336,60.20120378,2.575022068,0,1163,0,0,0,26820,0,726,0,1163,0,0,8,86,1459,7417,9987,5691,2172,0,726,64,1099,0,29,10835,15273,671,12,0,0,0,67,659,0,65,1098,0,0,1,355,10774,10430,4726,491,43,0,0,49,233,409,35,0,0,459,704,705,41,120,385,1689,5395,10415,8070,0,135,591,0,116,1047,0,693,20,39,98,230,712,1998,4802,8095,10133,0,299,427,0,248,915,8469,15436,2915,37,473,216,1,1162,10906,15914,169,557,2,1161,5413,21407,214,512,0,1154,9,18244,8576,448,278,0,1068,95,17947,8873,674,52,0,59.6287703,8.120649652,0,32.25058005,0,0,0,0,0,23
65.4,34003,23010,56965,1417321,1,1,254.9607457,1.355271857,98.29336352,14.03615919,100.2843365,21.44938218,114.6437708,27.41208294,73.58143165,49.46666601,73.58143165,49.46666601,85.00582199,58.97587084,51.64162428,19.89797557,80.75527066,17.11377762,73.30924167,16.1942407,76.53297657,16.47529504,0,34009,0,0,0,56965,0,23010,20684,13325,7,262,3312,15084,20706,14306,3226,62,0,14617,8393,13298,20711,2,3282,32221,17723,3608,127,2,0,0,6396,16614,222,17261,16526,3,6,51,3691,29875,15333,6604,1328,74,119,542,3830,7960,4640,5276,643,13648,17196,3165,12574,16588,14219,8336,4106,1065,75,2,15680,6741,589,11306,17110,5337,256,6472,12280,12858,10896,7124,4723,1951,603,53,5,16636,6099,275,11494,17074,5441,33651,21130,2184,13751,8414,845,7624,26385,20245,36720,14176,8834,2373,31636,1159,55806,2353,15317,5340,10803,23206,11828,45137,1254,15561,6195,6211,27798,3840,53125,2455,15118,5437,6.009140555,78.52356792,1.43111662,8.305898757,4.306905767,0,0.005809675,0.019365583,1.398195128,846
72.1,21761,2254,51986,1307519,1,1,249.8908807,18.46335242,135.0144423,24.77391809,98.00453899,27.9082046,112.0190271,32.48227895,154.2508367,53.00559549,154.2508367,53.00559549,96.82421714,60.98790255,41.92320389,29.7010123,92.95832378,26.11842244,84.21324103,23.50794808,86.25097428,23.52452374,8,21803,0,0,0,51986,110,2144,1136,20675,0,0,0,2,15,321,3286,16699,31663,284,1970,9855,11956,8719,32943,8504,1818,2,0,0,0,0,2254,0,561,9954,11296,456,7039,16769,18274,5795,2531,1079,43,0,127,284,1006,781,52,4,0,327,10555,10929,6790,88,166,535,2589,24372,15178,2268,11,992,1251,162,7120,10930,3599,6756,61,79,127,298,901,4296,23195,13307,2966,16,1265,973,5807,11184,4820,25928,25078,980,447,1190,617,11146,10665,17051,34935,1336,918,219,21592,2842,49144,320,1806,128,4416,17395,26956,25030,149,1944,161,2238,19573,17256,34730,436,1748,70,38.83575425,1.176924561,0,51.53110443,0.13781318,3.346104021,0,0,4.972299551,457
69,53060,4496,60218,1572929,1,1,237.2261436,35.57056619,96.81726586,23.70473177,126.4916853,41.27314463,106.137592,25.49241846,72.20891192,49.85235871,196.2787058,41.37648569,94.66076574,74.76132404,30.42987627,19.03781672,118.1195503,38.37890805,110.4762802,40.12057726,113.9877022,39.61704488,11,53088,0,0,0,60218,0,4496,28329,24770,6,130,1647,8444,14886,14797,11710,6088,2510,264,4232,13757,39342,19,4312,38033,15859,1905,89,1,0,0,4496,0,474,37100,15525,27,57,680,14887,26538,11814,5113,1030,72,11,237,2956,1189,103,0,0,20167,29222,3710,7396,14821,17328,13582,5747,1320,24,0,1126,2316,1054,18,2947,29369,20765,2027,93,131,290,691,1741,4175,10725,24083,16262,5,2092,2399,18889,20296,13914,18896,29673,11649,418,1222,2856,34609,18490,32948,27270,3404,1092,277,52822,222,59996,761,3733,2,3244,49855,5945,54273,182,4304,10,1139,51960,1225,58993,890,3605,1,0,77.44286061,2.853460267,1.657712382,0.874159339,0.131442937,3.561720754,12.89544544,0.583198275,233
63.1,21264,14603,43156,1425308,1.457734108,1,254.9673157,1.210021884,117.4101298,13.76050049,123.1582957,24.8416716,123.2045711,19.81168945,201.0073363,33.86755915,201.0073363,33.86755915,84.91850075,45.17789476,39.7537152,19.80312403,89.37293078,21.99774742,86.13177201,22.9024694,87.5976298,22.39480556,0,21264,0,0,0,43156,0,14603,2064,19200,0,0,1,63,2432,16684,17216,6332,428,10239,4364,1779,19485,0,40,10656,25108,6855,497,0,0,0,84,14519,7,7580,13677,0,5,78,5197,18909,13129,4465,1359,14,9,40,273,1523,12700,58,0,10,1763,19491,135,19,90,385,866,3633,18455,19573,6,759,13838,5,797,11563,8899,132,6,22,66,231,505,966,3488,13534,24206,10,1332,13261,4535,14611,2118,31039,11590,527,13589,1003,11,10278,10986,17269,25887,14498,105,80,21184,77,43079,240,1877,12486,1767,19497,3259,39897,22,1045,13536,369,20895,767,42389,143,1681,12779,0,88.18027563,5.636717295,2.727310351,3.066672185,0,0.020692795,0,0.368331747,98
75.8,3879,3450,81131,1472987,1,1,254.8989565,2.400297298,109.0195979,9.103577593,114.6179689,12.35778129,142.2626623,8.100139116,115.2136411,30.93160856,115.2136411,30.93160856,119.8839399,41.14127675,39.96156783,14.53942597,90.33978111,8.68449282,78.52405192,7.227499974,82.36955968,6.970175761,0,3929,0,0,0,81131,0,3493,613,3316,3,20,1410,18437,32149,22949,5978,185,0,20,3473,142,3787,0,251,25886,49303,5647,44,0,0,0,1610,1883,0,51,3878,0,0,0,0,479,30897,44979,4772,4,0,0,0,317,3176,0,0,100,3419,410,32470,28628,14708,4272,967,85,1,0,184,2933,376,40,2325,1563,1,21723,21876,20377,11169,4271,1319,363,33,0,0,325,3035,133,228,2755,946,47716,30838,2577,233,2569,691,1642,2287,63322,17809,2159,1334,0,3929,514,80617,0,3493,0,14,3915,1727,79404,2,3491,0,0,3929,701,80430,0,3493,0,7.438955139,76.32027257,3.180011357,5.167518455,7.893242476,0,0,0,0,56
80.1,3905,738,32629,1674126,3.484032869,1,254.0192061,7.410662586,83.82816901,8.612200966,110.0512164,8.894759185,141.8427657,16.92447558,132.9760772,34.77237433,132.9760772,34.77237433,132.6880922,40.42901369,32.23277849,9.781545809,88.53674776,8.118376504,93.4809219,7.944396105,91.34724712,8.018120054,0,3905,0,0,0,32629,0,738,3852,53,163,2380,11176,13639,4892,375,4,0,0,626,112,70,3835,85,3554,16159,10812,1823,195,1,0,0,119,619,0,234,3671,0,20,791,5146,9167,9078,6228,1686,513,0,0,47,261,376,54,0,84,2556,1265,1776,3255,9905,10751,5643,1196,103,0,63,308,367,62,1413,2425,5,1100,1677,3007,8156,8883,6336,2769,615,81,5,75,387,276,92,2440,1373,4143,18335,10151,75,351,312,2594,1311,16894,15735,721,17,0,3905,176,32453,0,738,0,0,3905,2094,30535,0,738,0,0,3905,1163,31466,0,738,0,3.401842665,0,96.59815734,0,0,0,0,0,0,154
80.5,14535,2937,49438,1296933,1,1,254.9203302,1.420760151,84.43309254,34.6783612,123.8722394,19.59012676,104.5840385,28.58497275,119.1106732,43.44174314,119.1106732,43.44174314,157.0529068,72.51274275,26.47017544,16.7354718,80.10959752,21.15567794,82.89157207,21.05188816,83.05118679,21.13650276,0,14535,0,0,0,49438,0,2937,12651,1884,105,3043,14740,19356,10167,1881,99,22,25,2161,776,824,13711,35,3028,19487,20330,5593,853,112,0,0,818,2119,72,11687,2776,18,241,7978,21303,15496,3535,672,148,47,6,154,1626,1090,53,3,5,1440,9425,3670,4108,14860,14021,10763,4661,976,49,0,611,1485,841,1110,5952,7437,36,1165,8096,11683,10996,9132,5594,2220,515,36,1,704,1818,415,1544,4539,8452,14989,22807,11642,712,890,1335,11378,3157,23459,25979,2646,291,2078,12457,2348,47090,680,2256,1,2267,12268,13955,35483,238,2602,97,2028,12507,6808,42630,424,2511,2,9.187415557,9.901563405,39.56765103,26.09534839,0,15.24802162,0,0,0,276
67.6,30768,38394,38460,1342925,1,1,254.9915497,0.635250227,99.50162507,11.70949307,108.837006,20.71090485,111.0535946,28.85154242,79.92185731,35.94409803,79.92185731,35.94409803,150.5616875,64.11422331,42.18428237,21.90070217,79.51625065,13.3195765,74.08157826,15.05863691,76.01313053,13.86964921,0,30768,0,0,0,38460,0,38394,16539,14229,0,8,190,2837,12199,14073,7154,1798,201,16014,22380,7425,23343,284,2753,17561,11274,5338,1216,33,1,0,531,37863,46,19675,11047,164,496,2886,13242,11299,4887,3481,1789,216,0,65,4703,16314,14288,2965,59,6767,23130,871,6831,14011,12285,4979,327,27,0,0,35527,2857,10,4800,23030,2878,60,2617,9038,11136,9528,5285,746,102,8,0,0,36324,2070,0,2029,12655,16084,7475,15638,15347,29810,7726,858,13837,16931,14595,23865,37937,457,1573,29195,6464,31996,2720,35659,15,9532,21236,19263,19197,511,32899,4984,6126,24642,16218,22242,1707,36549,138,8.943414932,48.92282468,4.489819263,26.33074049,7.265690536,0.104857775,0,0,3.94265233,988
86.9,19132,6807,5631,1492553,1,1,255,0,110.9898093,24.48569444,68.46710217,20.17184592,59.43825451,24.53022062,52.29594366,38.37118392,52.29594366,38.37118392,124.9482101,79.69508556,56.54397701,30.89540441,63.03825451,13.65650985,54.81452835,12.2105256,57.9470081,12.19652467,0,19135,0,0,0,5631,4,6804,7196,11939,0,306,4027,1296,2,0,0,0,0,1894,4914,16927,2208,0,2033,3579,19,0,0,0,0,0,1749,5059,6224,12230,681,0,3515,2116,0,0,0,0,0,0,93,1204,1476,3000,641,342,52,10640,8115,380,1587,2010,1530,416,77,11,0,0,5842,853,113,9256,8837,1034,8,1450,604,1826,1169,437,109,30,6,0,0,5937,827,44,4589,6447,8099,2412,2957,262,5208,754,846,5535,13600,2123,3508,5283,1525,8654,10481,845,4786,5091,1192,525,16109,3026,3875,1756,4406,1837,565,14152,4983,2654,2977,5113,1262,433,87.12183577,0,0.005145092,7.733072649,5.139946491,0,0,0,0,146
43.5,7178,6873,79305,1591360,1,1,255,0,104.7262469,9.946429417,125.1958763,15.9508205,159.0231262,27.58628189,97.68130343,30.53773364,97.68130343,30.53773364,54.46043466,33.42782839,37.82571747,11.52456151,86.73112288,11.19101549,83.42128727,10.75054413,84.88367233,10.81562884,0,7178,0,0,0,79305,0,6873,2429,4749,0,78,2290,17504,26283,17778,10488,3985,899,1220,5653,243,6935,2,1169,13700,20406,26202,16396,1430,0,0,797,6076,0,560,6618,0,4,52,4751,13191,14665,19058,22858,4726,0,104,708,2007,3111,924,19,393,6490,295,35770,33490,8342,1578,124,1,0,0,2366,4377,130,239,5603,1336,0,9215,45135,16882,6076,1720,260,16,1,0,0,2863,3979,31,3522,3528,128,72438,6606,261,4832,1968,73,3224,3954,57782,21523,6004,869,107,7071,891,78414,987,5886,0,241,6937,3349,75956,389,6173,311,165,7013,1996,77309,782,6091,0,0,100,0,0,0,0,0,0,0,578
61,54775,16577,91509,1562061,1.099411607,1,248.5034596,14.42814157,109.1157462,20.64095808,123.0011319,26.76811201,137.8072478,23.91931251,91.44895461,55.63376434,91.44895461,55.63376434,114.0437974,81.12202513,31.47897764,16.76161232,119.5555089,34.76402331,111.1114377,29.40314732,113.7991967,30.69442048,0,54775,0,0,0,91509,0,16577,22496,32279,0,0,2,541,19582,40114,23420,7392,458,219,16358,8440,46335,0,207,11235,39775,30417,9261,610,4,0,10834,5743,2,11717,43056,0,0,0,0,5,1219,23147,36639,30499,0,0,453,12347,3646,130,1,17372,27387,10016,22355,45444,15023,6067,2028,539,52,1,2436,7318,6823,15359,21892,17172,352,13912,26489,30402,11323,5544,2530,952,311,44,2,2740,9465,4372,16316,17052,21407,74264,15670,1575,1210,3243,12124,35319,19456,80995,10514,16118,459,74,54701,4518,86991,63,16269,245,361,54414,5018,86491,0,15564,1013,154,54621,4693,86816,18,16321,238,84.11282608,0,0,6.168722046,0.085317614,9.633134259,0,0,0,15
54.5,40922,10845,79095,1856601,1.144975305,1.198823214,253.3929427,6.889783071,110.5669078,16.716622,123.9438933,24.97134018,123.397659,25.92933078,201.9028884,52.70063017,201.9028884,52.70063017,55.37065637,50.55678115,27.92234006,16.35725723,110.3457553,24.66939679,108.6918528,25.51648269,109.7501344,25.26505523,0,40922,0,0,0,79095,0,10845,10645,30277,0,2,17,259,2738,17332,33855,17679,7213,32,10813,4897,36025,1,1830,12423,39970,21622,3145,104,0,0,4596,6249,24,17740,23158,0,0,21,4862,17527,38547,17438,700,0,0,13,1482,7657,1577,113,3,1472,2775,36675,17606,190,211,264,602,3251,35213,21758,996,683,9166,1427,1320,17376,20799,17511,164,151,158,182,312,714,3222,25687,30994,1008,1291,8546,21873,16573,2476,76519,2549,27,2183,6071,2591,29369,11553,46028,33067,10030,815,56,40866,4,79091,50,10777,18,430,40492,766,78329,0,10421,424,86,40836,82,79013,8,10812,25,0,59.47990544,0,0,0,0,40.29156816,0.228526399,0,60
76,13358,5268,24582,1461789,1,1,249.1020118,25.04528562,128.8564804,27.71385412,110.4957744,28.38951805,179.6452771,39.90319864,68.26382013,44.73618134,68.26382013,44.73618134,22.17926857,17.89938491,29.10156308,21.32628606,68.90860818,26.27239554,68.22683419,23.97502598,68.43519557,24.72689813,0,13371,0,0,0,24582,0,5268,415,12956,0,0,0,25,643,3316,6509,6315,7774,1,5267,3256,10115,252,4316,14548,5084,375,7,0,0,0,2716,2552,0,1947,11424,0,0,6,340,1625,1703,8458,6807,5643,0,12,1369,1242,83,1079,1483,3498,9637,236,10953,9221,3571,736,101,0,0,0,3091,2074,103,3304,8981,1086,0,5552,8785,6782,2530,729,197,7,0,0,0,3351,1903,14,12533,837,1,24041,541,0,5133,135,0,8750,4621,13792,10790,3335,1933,2937,10434,4602,19980,1741,3527,0,3240,10131,9637,14945,2481,2787,0,3205,10166,6997,17585,2568,2700,0,0,27.36131934,0,0,0,0,0,45.27736132,27.36131934,200
85.5,15429,6896,14244,1629766,1,1,255,0,108.4352194,18.92564648,74.68714758,14.83323787,94.10428414,22.39182391,97.75094308,39.81530213,151.5950483,24.5724971,83.95903817,48.01601806,50.5512995,29.53835965,64.99747229,10.48268849,57.40281288,9.422051423,60.45660769,8.614937641,0,15429,0,0,0,14244,0,6896,6300,9129,320,915,1675,3906,4333,2696,398,1,0,2819,4077,14031,1398,548,4570,5650,2167,993,193,65,58,0,4344,2552,117,13013,2299,88,121,558,6251,4550,1604,851,214,7,17,80,2656,3031,684,348,80,1807,12011,1611,6955,5124,1565,477,105,14,4,0,3019,3569,308,8,1921,13371,129,138,3,12,39,85,575,3107,4983,3222,2080,17,3309,3570,4127,9604,1698,11828,2254,162,2662,3797,437,5961,9468,5430,8814,6109,787,5748,9681,477,13767,4996,1890,10,12755,2674,5469,8775,3965,2910,21,11252,4177,2676,11568,4880,2007,9,55.68048111,0,30.10851092,1.660347758,12.55066022,0,0,0,0,642
88.6,26920,26316,73826,1365025,1,1,254.9999629,0.006094842,154.364153,21.1331147,91.10003715,19.13874412,126.243425,34.92293652,124.7884844,40.6090998,124.7884844,40.6090998,131.7955052,59.71303058,35.78261516,15.05172659,82.94799406,13.00558278,77.60746657,11.05506499,79.46901932,11.35694527,0,26920,0,0,0,73826,0,26316,375,26545,0,0,11,261,4260,19604,30160,14619,4911,13,26303,15536,11384,0,48,6320,21133,31045,14976,304,0,0,5681,20635,143,11165,15612,0,0,0,2,401,7560,10851,14184,40828,39,264,1616,6988,9028,6203,2178,590,19782,6548,392,43,35,132,839,9079,43558,19748,51,5231,21034,273,14221,11659,767,375,30,33,26,74,270,1302,9142,34302,28272,96,7717,18503,2136,14046,10738,67385,6411,30,19819,5538,959,14317,12603,64308,9518,23885,2431,538,26382,93,73733,3424,21981,911,3245,23675,952,72874,698,24940,678,1816,25104,409,73417,2521,23470,325,90.70389348,0,0,6.808916483,1.555896323,0.931293713,0,0,0,136
82.4,7854,1927,25992,1499864,1,1,254.9975809,0.214391791,129.4413038,15.11895378,103.692386,19.0530996,127.775783,25.97342664,89.8666979,40.7535043,197.1019862,45.49745601,76.66030048,50.31070618,53.71059333,20.61272418,85.46765979,13.33360264,85.86083524,15.4844306,92.11293608,14.89197413,0,7854,0,0,0,25992,0,1927,241,7613,0,0,0,40,370,6717,15258,3582,25,872,1055,2714,5140,0,0,2622,19394,3879,97,0,0,0,316,1611,5,3272,4577,0,0,0,0,77,13237,10582,2049,47,0,24,128,1167,581,26,1,1496,5741,617,5311,12101,5257,2081,1032,210,0,0,932,831,164,65,567,3937,3285,402,18,30,47,115,431,1679,6580,9016,7674,14,329,1584,2775,4303,776,23419,2550,23,1131,703,93,1504,6350,10994,14998,1237,690,44,7810,3,25989,89,1296,542,274,7580,155,25837,13,1138,776,1,7853,0,25992,7,1270,650,19.05502021,22.72303388,58.22194591,0,0,0,0,0,0,374
52.9,2135,0,13171,1677421,1,1,255,0,131.6112412,16.84489208,93.67166276,18.7661937,152.5967213,38.23102084,153.9500407,38.63181067,153.9500407,38.63181067,235.4248244,29.5498537,53.96487119,18.61583666,83.09180328,11.65052675,73.61686183,7.998025558,77.69039813,8.635934199,0,2135,0,0,0,13171,0,0,85,2050,0,0,0,0,0,12,1615,7026,4518,0,0,1163,972,0,10020,3151,0,0,0,0,0,0,0,0,0,343,1792,0,0,5,1895,8260,2919,92,0,0,0,0,0,0,0,0,0,0,971,1164,6,3220,8346,1575,24,0,0,0,0,0,0,0,551,1425,159,5,117,4484,6543,1943,76,3,0,0,0,0,0,0,0,47,2088,22,8998,4151,0,0,0,377,1758,2244,10927,0,0,9,2126,45,13126,0,0,0,317,1818,2553,10618,0,0,0,128,2007,195,12976,0,0,0,0,100,0,0,0,0,0,0,0,277
79.3,19418,12055,6041,1501066,2.346475363,1.14911747,255,0,129.0474302,16.55777856,111.8480276,16.53146735,135.1260686,25.52410648,141.037903,31.4854699,141.037903,31.4854699,143.9673499,68.12496859,37.59444845,16.7531593,101.0097332,9.122066129,95.49165723,10.29026921,99.49732207,8.968854685,0,19418,0,0,0,6041,0,12055,410,19008,0,0,0,0,0,0,22,2677,3342,2332,9723,2727,16691,0,1488,3402,1134,17,0,0,0,0,230,11825,0,4513,14905,0,0,366,2126,1836,1474,238,1,0,0,0,64,7271,4471,244,5,131,12414,6873,108,9,21,75,688,3887,1138,115,5,1994,10056,82,5594,13318,424,108,3,9,17,47,166,1279,3262,975,175,10,4190,7855,2408,6914,10096,5278,738,25,6052,4936,1067,9691,9727,1116,4925,10602,1453,0,19418,0,6041,0,10526,1529,28,19390,1285,4756,0,5600,6455,0,19418,31,6010,0,9565,2490,2.174011504,7.975904706,89.61456588,0,0.235517913,0,0,0,0,586
59.5,21616,31855,58673,1718268,1,1,254.9927456,1.067212629,106.2559375,18.60140732,95.68736716,22.95783492,85.17369005,21.17214873,73.91329253,38.65957353,73.91329253,38.65957353,77.52943351,49.21407447,48.99773588,24.56514543,86.05540153,14.15023423,82.05193605,15.35449241,84.00365031,14.58111689,0,21642,0,0,1,58672,0,31855,9721,11921,36,711,3833,9293,13846,15035,12195,3410,314,29831,2024,10704,10938,136,8487,28614,14788,5049,1426,171,2,0,1034,30821,557,19572,1513,23,928,13402,26699,13225,4185,186,24,1,89,1242,17989,12127,408,0,0,6324,14461,857,16791,23418,13034,4379,913,137,1,0,31324,526,5,4735,14723,2155,29,9384,16976,16183,10078,4232,1408,345,67,0,0,31496,357,2,7041,12406,2195,42077,15559,1037,31004,841,10,7094,14548,26300,32373,29851,2004,261,21381,1286,57387,2424,12841,16590,2179,19463,6418,52255,331,10541,20983,758,20884,3239,55434,1499,13129,17227,0,80.0755175,1.712628953,5.090688423,0,11.67824152,0.890027645,0,0.552895961,149
54.3,5829,8146,79034,1474167,1,1,255,0,100.3288419,12.10065255,104.238615,12.87308583,94.4161692,14.61482347,173.514583,33.50270134,173.514583,33.50270134,119.7443288,53.3392926,46.41037012,22.71553819,98.15725738,15.36050917,85.01705611,17.0274143,90.29438854,15.61323462,0,5863,0,0,0,79034,0,8169,2665,3198,0,4,637,13895,30965,22308,8963,2087,175,3621,4548,1129,4734,0,900,25307,34587,17935,305,0,0,0,873,7296,11,5502,350,0,0,1475,31205,29144,17148,62,0,0,9,73,5824,2262,1,0,0,2,1179,4682,1,4,46,135,497,4217,50439,23695,1,242,7926,2,587,4738,536,0,1,11,35,77,208,661,4345,36016,37680,1,671,7497,400,3821,1642,67678,10917,439,2717,5123,329,2124,3739,45031,34003,4896,3273,0,5863,8,79026,2,8026,141,185,5678,1269,77765,7,7471,691,2,5861,43,78991,4,7958,207,0,95.75411914,1.235741445,0,0,0,3.010139417,0,0,301
83.7,59358,18272,75943,1337516,1,1,242.5386132,22.93147112,88.28382021,16.12562374,108.4130025,33.7716906,80.14825297,24.92437857,106.7666363,86.54030143,198.7603524,51.20640778,50.60979144,67.22326106,38.09531992,24.08802625,81.68152566,31.69229926,75.84708043,30.89303891,78.43202264,31.15346243,5,59353,0,0,0,75943,0,18272,46657,12701,2,132,1368,7902,30945,28093,7172,325,4,8459,9813,21146,38212,0,191,14466,25895,26222,8692,458,19,0,18272,0,4546,50103,4709,12,80,2241,19025,19267,21001,13288,992,37,588,16512,1149,19,4,0,0,23107,18803,17448,4673,9041,17653,9607,5355,3861,3845,21908,7831,7016,3425,956,3646,26630,28126,3931,132,133,158,270,546,1770,6620,18157,44226,192,1810,16270,39319,13410,6629,56869,18703,371,14347,3790,135,32166,27192,45908,30035,7638,10634,14082,45276,1747,74196,7552,10714,6,28713,30645,8106,67837,8926,9286,60,23353,36005,3760,72183,11170,7098,4,1.530844238,92.81311575,1.839034002,1.323700298,2.493305714,0,0,0,0,622
64.3,2362,2489,10704,1424370,1,1,255,0,124.9906859,13.70756777,133.9745978,23.39449064,167.1486029,13.34034399,95.18007767,46.87963048,95.18007767,46.87963048,86.81117697,45.34264946,33.83234547,11.28119673,108.0677392,16.7247336,97.04106689,15.33865923,100.8069433,15.57999083,0,2362,0,0,0,10704,0,2489,39,2323,0,0,1,393,4144,4501,1576,89,0,73,2416,91,2271,0,0,1,384,3053,4213,2977,76,0,512,1977,0,11,2351,0,0,0,0,0,0,1,3652,7051,0,0,0,153,1932,404,0,418,1638,306,1222,6294,2184,834,157,13,0,0,984,1241,264,308,1511,514,29,140,3668,4183,1608,779,277,49,0,0,0,1071,1304,114,458,1639,265,9772,924,8,775,1473,241,1418,944,9759,945,1961,528,0,2362,0,10704,0,2434,55,0,2362,2,10702,16,2378,95,0,2362,0,10704,2,2480,7,0,100,0,0,0,0,0,0,0,3
67.6,31690,7761,53308,1617825,1.016568661,1,255,0,120.066267,11.79910472,99.93351215,13.7423363,124.9044809,20.17529749,77.31380757,31.19864057,77.31380757,31.19864057,24.66235405,13.93250794,32.67071631,16.85741543,83.07368255,13.82707537,80.90934049,14.87983841,82.37876302,14.50627566,0,31690,0,0,0,53308,0,7761,1623,30067,0,1,157,4842,11895,15445,14029,6504,435,3304,4457,9635,22055,4,8559,19363,13968,10166,1248,0,0,0,132,7629,2,9498,22190,0,1,329,13086,12761,12645,9637,4843,6,0,0,123,5353,2263,22,0,5955,25221,514,26528,17285,7267,1920,272,34,2,0,4220,3518,23,3855,26050,1758,27,16116,17962,11385,5310,1968,445,101,19,2,0,4822,2928,11,29877,1813,0,51914,1394,0,7707,54,0,19698,11992,33192,20116,7520,241,543,31147,120,53188,1493,5963,305,2410,29280,6577,46731,177,6613,971,1128,30562,2133,51175,957,6499,305,19.75240411,0.011053388,80.22548911,0,0,0,0.011053388,0,0,485
61.8,54744,6217,53977,1246998,1,1,247.0354011,16.13495242,100.2000402,24.34210668,141.2455977,36.44739296,102.7063422,19.60053416,57.01568179,48.23284766,57.01568179,48.23284766,40.83804618,45.66833886,23.23735935,16.50770584,136.1284159,40.9525751,132.943318,44.3264624,135.3640399,43.44342742,0,54744,0,0,0,53977,0,6217,33422,21322,0,31,625,2247,5103,12473,16271,10705,6522,12,6205,8581,46163,93,6215,28805,15045,3120,651,48,0,0,4207,2010,8,44381,10355,1,4,275,7063,23785,15155,6002,1523,169,0,37,991,4311,842,36,0,30258,22009,2477,18391,13928,12356,6277,2428,577,16,4,411,4050,1756,28033,20146,6547,18,12777,10101,11578,9483,5662,2907,1159,292,12,6,519,4928,770,35674,17421,1649,30922,21681,1374,314,5137,766,42958,11786,23361,30616,5351,866,87,54657,438,53539,221,5988,8,2116,52628,12784,41193,101,6057,59,724,54020,4145,49832,249,5963,5,82.45083207,0,0,10.83354858,5.243348954,1.472270396,0,0,0,73
45.9,13537,2093,45789,1538403,1.611637831,1.099411607,247.3227451,16.7600419,107.7000813,19.35270171,96.44817906,27.28758753,120.0407033,19.15938146,70.50773953,44.348487,70.50773953,44.348487,55.73672158,40.80018346,31.45748689,15.0948777,89.60087169,35.20537779,84.53150624,32.16153178,86.12580335,33.10139024,0,13537,0,0,0,45789,0,2093,5227,8310,1,2,29,869,6806,18688,13391,5300,703,285,1808,7801,5736,10,5976,18575,18142,3083,0,3,0,0,2093,0,0,5769,7768,0,0,0,267,8929,13569,11364,9275,2385,0,0,428,1558,107,0,0,5052,8033,452,21734,13968,4311,3853,1723,193,7,0,502,1447,144,4453,7427,1632,25,9614,20127,6802,3175,3030,2383,548,104,6,0,585,1475,33,6317,6932,288,40032,5728,29,262,1727,104,9080,4457,30403,15386,1882,211,2615,10922,3740,42049,1567,526,0,4593,8944,13276,32513,985,1108,0,4139,9398,8850,36939,1557,536,0,85.3530331,3.707913056,4.26196903,0,6.677084813,0,0,0,0,505
54,15048,17267,82321,1506122,1,1,255,0,75.81353004,10.46308237,95.21278575,23.05219972,106.3088783,30.71632593,225.9549442,57.50117757,79.26189527,33.97787863,146.1054625,63.3481718,43.91088517,18.48291004,88.46710526,14.79002526,87.86642743,16.8287192,92.62280702,16.23356442,0,15048,0,0,0,82321,0,17267,14759,289,7,4485,35382,30149,11378,919,1,0,0,16815,452,5854,9194,0,686,10980,21117,38605,10891,42,0,0,5636,11631,604,9749,4695,0,0,50,6266,14942,24010,34149,2903,1,1,161,7745,8327,1023,10,0,448,1202,13398,11778,13579,25284,16486,7824,3650,1947,1773,2236,2412,12619,2051,12016,955,26,11048,168,214,335,544,1421,6402,33455,24390,4344,822,12626,3819,1076,6407,7565,79574,2681,66,5732,8028,3507,5477,9571,54034,28287,10169,7098,30,15018,62,82259,2459,14788,20,523,14525,1985,80336,453,16249,565,13,15035,55,82266,433,16740,94,0,19.73124517,38.30239753,0,0,0,41.96635731,0,0,155
85.8,29544,21921,100500,1470788,1,1,254.9891687,0.836183183,122.2144259,10.95547174,122.3306255,15.80092539,137.7500338,19.33187145,171.3841389,46.67901042,171.3841389,46.67901042,74.26641619,51.23414041,26.20735175,12.46523346,107.616538,19.16026325,106.8395613,18.17396249,108.3559098,18.42802044,0,29544,0,0,0,100500,0,21921,550,28994,2,3,76,3053,27250,41446,21721,6471,478,2948,18973,1202,28342,4,6,5785,26029,41006,25706,1949,15,0,538,21383,13,3936,25595,0,2,4,81,5831,19903,23415,33300,17964,2,821,3101,7927,9600,470,0,41,10058,19445,14985,510,1860,7924,17202,20204,18760,19055,139,5429,16353,13,5152,17830,6549,14819,301,501,1390,4796,10646,14999,15877,14836,22335,201,8248,13472,10696,15970,2878,86734,12558,1208,15670,5599,652,24939,4605,92899,7601,21440,481,697,28847,973,99527,134,19382,2405,770,28774,1000,99500,122,14464,7335,725,28819,986,99514,133,18995,2793,98.23774533,0,0,0.957470497,0.368991952,0.435792219,0,0,0,151
76.4,19113,7661,72339,1416902,1,1,254.9987443,0.137239777,148.5080835,12.84576414,105.7951656,15.0613804,127.5419871,22.99377789,120.3487155,44.93679973,120.3487155,44.93679973,74.19656778,50.39794263,29.72469,18.48258279,78.2345524,14.37688147,78.64040182,15.47222948,77.48087689,14.95530046,0,19113,0,0,0,72339,0,7661,1,19112,0,0,10,100,1209,9094,19546,20777,21603,3,7658,4385,14728,1,669,15550,27523,25401,3184,11,0,0,6230,1431,0,5933,13180,0,0,2,921,15164,17607,23098,14917,630,0,46,1168,5225,1196,26,0,142,15408,3563,0,542,6023,21104,16805,11652,7578,8635,191,6282,1188,53,12967,4809,1284,0,13,855,4666,11535,18976,11799,8597,6076,9822,371,6354,936,7083,10313,1717,66827,5399,113,1109,5050,1502,13854,5259,61123,11216,6861,800,1796,17317,2892,69447,4442,3219,0,3514,15599,5669,66670,815,6846,0,3600,15513,4448,67891,3771,3890,0,98.176191,0.033160164,0,0.121587266,0.375815187,1.29324638,0,0,0,583
50,26856,20856,171588,1442174,1,1,254.7147379,4.05907598,89.72479148,13.88952466,107.856345,19.38716432,116.5817694,26.43287338,55.03983521,31.47205198,215.0991585,49.54501871,33.42605004,32.56528675,26.77889485,13.15978182,110.8438338,25.00012515,107.519437,25.17434856,109.2056524,25.04801658,0,26856,0,0,24,171564,4,20852,21254,5602,145,2822,17810,40814,53419,40776,13891,1787,124,19638,1218,6210,20646,88,3786,51136,68964,39568,8003,43,0,0,4826,16030,48,14032,12776,6,5,136,15070,51539,59557,42487,2765,23,90,1457,10993,6933,1285,97,1,12684,13935,237,115491,39082,12655,3374,806,159,18,3,18522,2303,31,418,1226,7142,18070,31346,464,461,570,1045,2444,6292,17684,40891,70391,335,2742,17779,21190,5291,375,161686,9556,346,19205,1604,47,21772,5084,117654,53934,20148,708,237,26619,1312,170276,459,11998,8399,805,26051,10697,160891,205,7450,13201,552,26304,2996,168592,414,11558,8884,1.477292202,94.10111397,0.658097686,0.452442159,3.311053985,0,0,0,0,110
74.6,46191,13572,157877,1703406,1,1,252.2023554,17.58040914,94.0241389,16.2511119,71.50527159,26.16338015,98.1663744,27.66764148,63.13647696,39.91271679,63.13647696,39.91271679,70.66610379,60.89775988,31.68255721,20.25202987,97.44402589,21.89005624,95.76519235,24.23839941,97.37044013,23.3294943,120,46071,0,0,3,157874,0,13572,30416,15775,1650,5176,30059,57097,38753,17637,6454,1012,39,2698,10874,37650,8541,18683,34849,35329,41643,21715,4811,810,37,0,13572,0,2066,33100,11025,0,3,188,13766,35997,53580,49237,5056,50,59,1635,6050,5062,731,34,1,17329,28325,537,52424,81280,20922,2916,272,57,6,0,4792,8274,506,14446,29192,2542,11,20318,67576,51848,14333,3151,509,102,35,5,0,5324,8094,154,20337,19929,5925,144360,12734,783,4417,6364,2791,30207,15984,109955,47922,10337,3235,932,45259,338,157539,1139,12401,32,3353,42838,5396,152481,751,12323,498,2001,44190,1450,156427,1094,12407,71,18.99315562,78.98955331,0,0,2.017291066,0,0,0,0,230
65.1,15291,4838,48956,1488406,1.227818251,1,251.5398513,15.10508631,70.31659275,9.461997769,115.7460214,12.78634586,106.8662927,20.70356626,115.029818,48.72934212,115.029818,48.72934212,111.8334203,59.57689213,23.84235586,12.62328538,99.58687712,15.29252792,97.65875294,14.32003858,97.57128881,14.48188773,0,15332,0,0,0,48956,0,4886,15332,0,331,8510,21165,15052,3836,62,0,0,0,4819,67,726,14606,5,3799,19226,15675,10140,111,0,0,0,1886,3000,4,10333,4995,0,5,7012,17108,14540,10254,37,0,0,0,240,2702,1790,154,0,0,1545,9769,4018,17111,20511,7711,2720,753,141,8,1,293,3093,1500,1162,7663,6235,272,5970,20468,12768,5798,2516,1048,309,72,6,1,401,3618,867,2597,8387,4348,39375,9217,364,453,2656,1777,12624,2708,32494,16462,4171,715,69,15263,777,48179,460,4426,0,139,15193,4399,44557,203,4629,54,126,15206,2976,45980,492,4394,0,0,92.36024138,3.039963566,3.871114653,0.250483889,0,0.022771263,0,0.455425253,16
59.3,1090,5836,27936,1335122,8.047449112,1.459962726,255,0,149.8036697,10.58994383,88.58073394,9.08249082,144.2458716,24.04781941,180.3544068,29.25026136,180.3544068,29.25026136,181.4055046,43.24654126,32.6587156,13.59201685,76.12110092,7.468821922,78.89724771,7.476592904,78.30091743,7.362033688,0,1090,0,0,0,27936,0,5836,0,1090,0,0,0,0,0,8,1236,10258,16434,0,5836,811,279,0,3281,23510,1145,0,0,0,0,0,5826,10,0,66,1024,0,0,0,13,3277,15896,6821,1796,133,0,177,1416,3587,651,5,0,3,111,976,1484,13543,11104,1639,161,5,0,0,416,3394,2026,1,21,881,187,475,4168,13039,8079,1765,375,32,3,0,0,538,4310,988,4,252,834,21855,5977,104,703,3521,1612,685,405,7366,20570,2364,3472,0,1090,82,27854,469,5367,0,1,1089,1413,26523,17,5819,0,0,1090,84,27852,236,5600,0,14.72803347,0,85.27196653,0,0,0,0,0,0,182
78.3,22435,4880,117540,1409412,2.091894388,1,240.8009806,31.83866876,111.974415,23.81855548,125.4769334,25.6708571,121.559795,31.29918046,194.5006463,57.34456754,194.5006463,57.34456754,11.39540896,12.47155152,29.04270114,15.00382272,120.2199242,24.24135066,115.0926677,26.90216703,117.1352351,25.80461773,4,22431,0,0,14,117526,0,4880,6756,15679,6,62,555,3599,17334,32254,32579,18169,12982,430,4450,2264,20171,1488,20085,42258,35735,15258,2303,406,7,0,992,3888,4,10359,12072,0,1,306,21997,38969,31909,20367,3825,166,0,6,481,1986,1888,476,43,782,3222,18431,28807,584,1410,2788,5932,11689,17022,49308,60,549,4271,745,1600,9658,10432,28610,336,555,1128,1842,3388,6042,9755,12989,52895,63,883,3934,22027,408,0,115434,2085,21,4811,69,0,15439,6996,76025,41515,4189,691,0,22435,129,117411,0,4795,85,5,22430,4390,113150,0,4524,356,0,22435,891,116649,0,4795,85,18.34052167,10.34435545,5.415211885,48.22345451,17.67645649,0,0,0,0,138
64.3,3503,1440358,0,0,255,0,173.1574508,14.55370061,83.0259294,9.003659809,131.4820369,19.20147469,100.4163511,27.43179895,244.4482974,31.71337303,120.3292721,63.87297684,38.23805061,15.71512613,74.53389566,7.640324198,72.5129647,9.072687584,72.40206186,8.212634063,0,3201,0,0,0,3503,0,0,0,3201,0,0,0,0,0,0,0,1,3502,0,0,2823,378,0,2922,581,0,0,0,0,0,0,0,0,0,727,2474,0,0,0,385,2624,491,3,0,0,0,0,0,0,0,0,0,118,2987,96,714,1768,870,150,1,0,0,0,0,0,0,11,60,165,2965,0,0,0,0,0,0,1,15,80,3407,0,0,0,422,1742,1037,2384,937,182,0,0,0,1512,1689,1748,1755,0,0,58,3143,305,3198,0,0,0,612,2589,1177,2326,0,0,0,472,2729,692,2811,0,0,0,0,14.03197158,85.43516874,0,0,0,0.53285968,0,0,0,0,379
76.7,5897,1310,10547,1326798,1,1.277524114,255,0,151.2519925,16.74833443,91.24690521,18.38677122,103.3255893,30.5181866,134.5589046,49.01889203,134.5589046,49.01889203,177.2112939,59.03526004,33.74987282,12.24003806,83.14719349,13.73699111,80.29845684,13.12894456,82.89994913,13.36326407,0,5897,0,0,0,10547,0,1310,9,5888,0,0,0,0,0,420,3006,3508,3613,0,1310,3479,2418,0,224,2521,3528,4182,92,0,0,0,59,1251,332,3917,1648,0,0,8,1289,2644,5196,1409,1,0,0,5,427,732,146,0,0,378,2942,2577,6224,3082,986,212,40,3,0,0,456,704,150,264,2079,3390,164,2569,5325,1641,725,209,65,13,0,0,0,518,724,68,82,1844,3971,9275,1259,13,580,662,68,3443,2454,8349,2198,1294,16,0,5897,0,10547,0,1156,154,433,5464,105,10442,0,902,408,90,5807,7,10540,0,1139,171,49.06303237,0,50.93696763,0,0,0,0,0,0,78
72.7,29871,14573,66831,1314947,1,1,243.3335677,27.63648623,91.56720565,13.0965062,146.0009374,27.67897657,93.71420441,25.39770383,98.12863235,56.89422892,209.032473,43.65009258,80.44414315,69.2297927,26.74594088,12.96749425,120.5134411,22.70619639,115.484182,24.16750099,117.6334237,23.43539938,4,29867,0,0,5,66826,0,14573,22643,7228,2,127,3900,14322,16976,15114,10329,4486,1575,3750,10823,1404,28467,8,1437,10600,13554,13259,14748,11859,1324,42,2943,11630,121,23383,6367,0,156,13983,20826,21662,10153,51,0,0,4,2203,9656,2597,112,1,0,7276,16588,6007,11418,32104,16901,5525,849,34,0,0,5259,5407,3907,107,1284,11920,16560,73,16,47,133,210,566,1540,6337,30365,27544,48,3398,11127,13414,10536,5921,51168,14267,1396,3215,7112,4246,23645,6226,49083,17748,13390,1183,2,29869,1,66830,0,14163,410,57,29814,1029,65802,9,13522,1042,6,29865,89,66742,6,14223,344,6.921452703,78.62753378,2.128378378,3.733108108,8.568412162,0,0,0,0.021114865,248
69.4,6120,1548,57121,1286198,1,1,254.9936275,0.320552583,117.3166667,21.0373651,90.62941176,21.73659148,100.770915,20.11345018,120.1209872,39.8026762,117.6885074,31.77911717,166.152451,62.87645867,38.20424837,14.55400417,87.27385621,19.50745441,82.04918301,19.59249082,83.90702614,19.39443624,0,6120,0,0,0,57121,0,1548,1228,4892,8,177,3849,21757,22493,7722,1101,14,0,1165,383,4137,1983,2,2309,15639,23107,14306,1646,111,1,0,181,1367,26,4775,1319,0,0,52,4911,15844,19649,15209,1428,28,0,28,1154,330,36,0,0,0,0,0,0,0,0,0,0,0,0,0,0,0,0,73,3459,2585,3,4975,36986,10782,3417,765,184,12,0,0,0,945,594,9,217,2119,3784,50546,6307,268,835,483,230,2702,3418,36831,20290,1505,43,184,5936,17,57104,137,358,1053,507,5613,1377,55744,64,306,1178,296,5824,149,56972,131,373,1044,24.92651382,2.214383696,4.232804233,42.97472075,25.6515775,0,0,0,0,424
49.4,20144,32832,64538,1305818,1,1,253.8519658,9.3002095,120.0319202,23.00958756,134.8227264,32.79456496,111.7819698,21.07420573,161.8132446,43.40512798,161.8132446,43.40512798,48.21242057,32.59920763,32.78609015,12.14669651,126.3987292,20.87270303,121.6096604,22.85043044,123.8864674,21.95499966,0,20144,0,0,0,64538,0,32832,4316,15828,0,0,3,138,1494,7313,15486,17300,22804,18430,14402,2335,17809,33,6006,24764,23707,7968,1845,212,3,0,0,32832,7,12710,7427,0,10,3528,18563,19300,16422,5841,873,1,0,2,351,22964,9507,8,0,135,7256,12753,7854,280,314,618,1965,14353,33533,5621,38,2514,30280,64,4063,13880,2137,7748,194,222,251,389,871,2520,14367,29391,8585,66,3864,28902,12683,7050,411,54326,9862,350,32630,202,0,12553,7591,36134,28404,32789,43,2,20142,20,64518,0,1888,30944,71,20073,2540,61998,0,503,32329,19,20125,680,63858,0,1558,31274,54.04971192,1.881740287,0.476436697,31.8603191,7.303516029,3.061752105,0,0,1.366523859,458
83.6,78938,14458,131717,1776240,1,1,228.6615739,33.9401446,64.56285363,16.98051532,153.5187656,28.39035102,100.4297034,33.53672007,196.0950747,58.27951818,196.0950747,58.27951818,38.35322338,51.94570757,31.41034924,19.15846288,148.2517183,33.79844733,145.0901001,37.40374256,151.0148859,36.44857075,1,79000,0,0,3,131714,0,14458,77310,1691,1649,22302,45018,37913,19402,5145,286,2,0,10209,4249,2644,76357,23,4920,36624,51865,33779,4428,78,0,0,2470,11988,154,55786,23061,0,14,399,28544,46003,47065,9311,371,10,0,277,4526,6336,2828,472,19,2372,12321,64308,25540,829,1778,4228,10497,24348,33155,31342,235,5425,8798,2188,7148,30526,39139,25245,525,740,1407,2734,5392,11283,20871,26252,37268,350,6627,7481,57070,17327,4604,110321,19485,1911,4677,6200,3581,52150,26851,70188,61529,11368,3090,36,78965,143,131574,214,13683,561,99,78902,4278,127439,0,12525,1933,27,78974,373,131344,34,13832,592,18.21690141,18.30422535,12.07605634,41.0028169,7.287323944,0.58028169,0,0,2.532394366,480
56.3,36666,4356,16326,1607183,1,1,253.7284132,6.960807739,115.7917144,16.42902269,118.4786178,22.64018513,114.0359188,18.71514612,66.13112251,48.24986575,66.13112251,48.24986575,48.74545901,47.8032998,37.06619211,25.7079085,84.65668467,21.56583124,77.82457863,17.38491934,82.35736104,18.32873035,0,36666,0,0,0,16326,0,4356,6306,30360,0,0,0,0,6,855,6434,6126,2905,33,4323,5082,31584,0,1844,5810,8209,462,1,0,0,0,3200,1156,274,17567,18825,0,0,0,713,4258,8195,3160,0,0,1,47,1033,3110,165,0,0,16378,18259,2029,5923,9293,1013,94,3,0,0,0,1004,2995,357,14644,17474,4429,119,628,10818,4096,667,108,9,0,0,0,0,1152,3053,151,22306,12605,1755,16021,305,0,1013,2974,369,22021,14645,4755,11571,2382,1974,2802,33864,0,16326,547,3774,35,6111,30555,2208,14118,355,3873,128,2637,34029,111,16215,496,3809,51,0,50.05621997,12.55238679,6.746396811,0,30.59388736,0.051109067,0,0,1008
53.5,30429,2840,68295,1412728,1,1,253.9359821,6.493880013,135.5144763,24.38565448,132.6605212,35.11319242,115.1784153,23.69380005,216.6852345,30.72773571,216.6852345,30.72773571,60.53823655,47.42973769,28.95550297,24.19259474,95.64333366,23.82764104,92.23060239,25.56644777,94.90002958,24.81063678,0,30429,0,0,0,68295,0,2840,1953,28476,0,0,1,38,369,2509,8448,16992,39938,1,2839,5207,25222,0,1109,18197,35408,11053,2324,199,5,0,1502,1338,174,14979,15276,0,0,15,4086,29366,27609,6410,754,55,1,62,1076,1598,99,4,0,52,1096,29281,4120,199,181,227,599,2651,37079,23239,7,98,2735,37,457,9366,20569,4053,143,144,138,174,268,730,2552,24464,35629,9,202,2629,13991,14533,1905,62453,5568,274,957,1802,81,22028,8401,25514,42781,2180,660,586,29843,2160,66135,345,2494,1,2511,27918,7642,60653,140,2674,26,739,29690,2292,66003,196,2642,2,0.036261445,18.51146768,49.81416009,5.520805004,0,26.11730577,0,0,0,167
47.2,41077,4335,5521,1667780,1,1,250.2436156,15.119298,105.7113226,18.4118157,91.77133189,19.16950031,95.36334202,15.53006072,39.12134244,44.98008114,39.12134244,44.98008114,57.84989167,68.08530663,58.55865813,28.21953048,72.93792146,13.3267473,63.75628697,13.87464502,68.42812279,13.41851173,0,41077,0,0,0,5521,0,4335,16319,24758,0,0,0,104,1782,2610,1012,13,0,176,4159,24302,16775,0,19,2795,2438,269,0,0,0,0,4335,0,21,37315,3741,0,0,0,199,2275,2274,766,7,0,0,59,4028,247,1,0,0,25979,14780,318,1194,1302,2004,638,362,21,0,0,3153,1128,54,24720,14620,1737,0,1144,197,1494,1576,619,323,166,2,0,0,3202,1127,6,22733,12828,5516,2212,3244,65,2826,637,872,10330,30747,2082,3439,1659,2676,5442,35635,97,5424,2489,1846,0,24559,16518,2453,3068,2434,1899,2,16177,24900,1154,4367,2923,1412,0,91.23676504,8.567995795,0,0.195239168,0,0,0,0,0,388
72.3,4858,5228,26670,1289936,1,1,255,0,127.8792661,22.35832645,93.19027523,24.4654493,69.57761468,22.08236168,89.33861551,51.96291203,185.906055,62.99644442,110.9394495,56.83741582,50.67284404,21.07081838,78.84825688,16.91249764,70.28183486,16.31321422,74.17651376,16.41979005,0,5450,18,0,8,26644,0,5519,371,5079,115,149,340,919,2452,4240,4224,5223,9008,361,5158,2830,2620,453,1175,7685,11804,4162,1001,348,42,0,264,5255,803,4635,12,294,888,2937,16053,6081,417,0,0,0,155,1019,4340,5,0,0,0,1239,3738,473,2135,4569,6947,7035,4123,1552,237,72,683,3534,1302,495,52,2721,2182,1054,24,29,56,106,268,748,3539,16451,4395,238,107,5174,755,3277,1418,4942,19376,2352,345,4199,975,1254,4196,8505,18165,4283,1236,215,5235,276,26394,20,5442,57,1644,3806,6722,19948,13,5317,189,588,4862,748,25922,22,5438,59,6.235606732,13.85296723,79.62798937,0,0.053144376,0.230292294,0,0,0,438
